class_or_subclass,pdb_id,pdb_label_chain,pdb_label_seq_id,maximum_flanking_insertion_prevalence,normalized_global_color_intensity,color_hex,boundary_ids
TLSVal,4P5J,A,29,0.008695652173913044,0.012028985507246378,#D3D4D0,TLSVal_I01
TLSVal,4P5J,A,30,0.008695652173913044,0.012028985507246378,#D3D4D0,TLSVal_I01
TLSVal,4P5J,A,44,0.7228915662650602,1.0,#B7FF00,TLSVal_I02
TLSVal,4P5J,A,45,0.7228915662650602,1.0,#B7FF00,TLSVal_I02
TLSVal,4P5J,A,66,0.05357142857142857,0.07410714285714286,#D1D6C3,TLSVal_I03
TLSVal,4P5J,A,67,0.05357142857142857,0.07410714285714286,#D1D6C3,TLSVal_I03
TLSVal,4P5J,A,71,0.336283185840708,0.4651917404129794,#C6E771,TLSVal_I04
TLSVal,4P5J,A,72,0.336283185840708,0.4651917404129794,#C6E771,TLSVal_I04
TLSVal,4P5J,A,77,0.10843373493975904,0.15,#CFDAB3,TLSVal_I05
TLSVal,4P5J,A,78,0.10843373493975904,0.15,#CFDAB3,TLSVal_I05
TLSHis,9VTI,XB,106,0.06060606060606061,0.08383838383838384,#D1D7C1,TLSHis_I01
TLSHis,9VTI,XB,107,0.06060606060606061,0.08383838383838384,#D1D7C1,TLSHis_I01
TLSHis,9VTI,XB,110,0.22580645161290322,0.3123655913978495,#CAE191,TLSHis_I02
TLSHis,9VTI,XB,111,0.22580645161290322,0.3123655913978495,#CAE191,TLSHis_I02
TLSHis,9VTI,XB,114,0.1724137931034483,0.2385057471264368,#CCDDA1,TLSHis_I03
TLSHis,9VTI,XB,115,0.1724137931034483,0.2385057471264368,#CCDDA1,TLSHis_I03
TLSHis,9VTI,XB,139,0.030303030303030304,0.04191919191919192,#D2D5CA,TLSHis_I04
TLSHis,9VTI,XB,140,0.030303030303030304,0.04191919191919192,#D2D5CA,TLSHis_I04
TLSHis,9VTI,XB,144,0.25,0.3458333333333333,#C9E28A,TLSHis_I05
TLSHis,9VTI,XB,145,0.25,0.3458333333333333,#C9E28A,TLSHis_I05
TLSHis,9VTI,XB,148,0.27586206896551724,0.3816091954022989,#C8E482,TLSHis_I06
TLSHis,9VTI,XB,149,0.27586206896551724,0.3816091954022989,#C8E482,TLSHis_I06
TLSHis,9VTI,XB,162,0.5454545454545454,0.7545454545454545,#BEF434,TLSHis_I07
TLSHis,9VTI,XB,163,0.5454545454545454,0.7545454545454545,#BEF434,TLSHis_I07
TLSHis,9VTI,XB,166,0.030303030303030304,0.04191919191919192,#D2D5CA,TLSHis_I08
TLSHis,9VTI,XB,167,0.030303030303030304,0.04191919191919192,#D2D5CA,TLSHis_I08
TLSHis,9VTI,XB,184,0.17647058823529413,0.24411764705882355,#CCDE9F,TLSHis_I09
TLSHis,9VTI,XB,185,0.17647058823529413,0.24411764705882355,#CCDE9F,TLSHis_I09
TLSHis,9VTI,XB,196,0.030303030303030304,0.04191919191919192,#D2D5CA,TLSHis_I10
TLSHis,9VTI,XB,197,0.030303030303030304,0.04191919191919192,#D2D5CA,TLSHis_I10
TLSTyr Bromovirus (E/B3 subclass),7SAM,A,6,0.2558139534883721,0.3538759689922481,#C9E388,TLSTyr_Bromovirus_I01
TLSTyr Bromovirus (E/B3 subclass),7SAM,A,7,0.2558139534883721,0.3538759689922481,#C9E388,TLSTyr_Bromovirus_I01
TLSTyr Bromovirus (E/B3 subclass),7SAM,A,10,0.029411764705882353,0.04068627450980392,#D2D5CA,TLSTyr_Bromovirus_I02
TLSTyr Bromovirus (E/B3 subclass),7SAM,A,11,0.08823529411764706,0.12205882352941178,#D0D8B9,TLSTyr_Bromovirus_I02;TLSTyr_Bromovirus_I03
TLSTyr Bromovirus (E/B3 subclass),7SAM,A,12,0.08823529411764706,0.12205882352941178,#D0D8B9,TLSTyr_Bromovirus_I03
TLSTyr Bromovirus (E/B3 subclass),7SAM,A,19,0.2391304347826087,0.3307971014492754,#CAE28D,TLSTyr_Bromovirus_I04
TLSTyr Bromovirus (E/B3 subclass),7SAM,A,20,0.2391304347826087,0.3307971014492754,#CAE28D,TLSTyr_Bromovirus_I04;TLSTyr_Bromovirus_I05
TLSTyr Bromovirus (E/B3 subclass),7SAM,A,21,0.08695652173913043,0.12028985507246377,#D0D8BA,TLSTyr_Bromovirus_I05;TLSTyr_Bromovirus_I06
TLSTyr Bromovirus (E/B3 subclass),7SAM,A,22,0.06521739130434782,0.09021739130434782,#D0D7C0,TLSTyr_Bromovirus_I06
TLSTyr Bromovirus (E/B3 subclass),7SAM,A,30,0.043478260869565216,0.060144927536231886,#D1D6C6,TLSTyr_Bromovirus_I07
TLSTyr Bromovirus (E/B3 subclass),7SAM,A,31,0.06521739130434782,0.09021739130434782,#D0D7C0,TLSTyr_Bromovirus_I07;TLSTyr_Bromovirus_I08
TLSTyr Bromovirus (E/B3 subclass),7SAM,A,32,0.06521739130434782,0.09021739130434782,#D0D7C0,TLSTyr_Bromovirus_I08
TLSTyr Bromovirus (E/B3 subclass),7SAM,A,34,0.13043478260869565,0.18043478260869564,#CEDBAD,TLSTyr_Bromovirus_I09
TLSTyr Bromovirus (E/B3 subclass),7SAM,A,35,0.13043478260869565,0.18043478260869564,#CEDBAD,TLSTyr_Bromovirus_I09;TLSTyr_Bromovirus_I10
TLSTyr Bromovirus (E/B3 subclass),7SAM,A,36,0.021739130434782608,0.030072463768115943,#D2D4CD,TLSTyr_Bromovirus_I10
TLSTyr Bromovirus (E/B3 subclass),7SAM,A,46,0.06521739130434782,0.09021739130434782,#D0D7C0,TLSTyr_Bromovirus_I11
TLSTyr Bromovirus (E/B3 subclass),7SAM,A,47,0.06521739130434782,0.09021739130434782,#D0D7C0,TLSTyr_Bromovirus_I11
TLSTyr Bromovirus (E/B3 subclass),7SAM,A,54,0.09375,0.1296875,#CFD9B8,TLSTyr_Bromovirus_I12
TLSTyr Bromovirus (E/B3 subclass),7SAM,A,55,0.09375,0.1296875,#CFD9B8,TLSTyr_Bromovirus_I12
TLSTyr Bromovirus (E/B3 subclass),7SAM,A,92,0.21739130434782608,0.3007246376811594,#CBE094,TLSTyr_Bromovirus_I13
TLSTyr Bromovirus (E/B3 subclass),7SAM,A,93,0.21739130434782608,0.3007246376811594,#CBE094,TLSTyr_Bromovirus_I13
TLSTyr Bromovirus (E/B3 subclass),7SAM,A,96,0.23809523809523808,0.32936507936507936,#CAE18E,TLSTyr_Bromovirus_I14
TLSTyr Bromovirus (E/B3 subclass),7SAM,A,97,0.23809523809523808,0.32936507936507936,#CAE18E,TLSTyr_Bromovirus_I14
TLSTyr Bromovirus (E/B3 subclass),7SAM,A,108,0.15151515151515152,0.2095959595959596,#CDDCA7,TLSTyr_Bromovirus_I15
TLSTyr Bromovirus (E/B3 subclass),7SAM,A,109,0.15151515151515152,0.2095959595959596,#CDDCA7,TLSTyr_Bromovirus_I15
TLSTyr Bromovirus (E/B3 subclass),7SAM,A,114,0.7045454545454546,0.9746212121212122,#B8FE05,TLSTyr_Bromovirus_I16
TLSTyr Bromovirus (E/B3 subclass),7SAM,A,115,0.7045454545454546,0.9746212121212122,#B8FE05,TLSTyr_Bromovirus_I16
TLSTyr Bromovirus (E/B3 subclass),7SAM,A,119,0.06976744186046512,0.09651162790697675,#D0D7BF,TLSTyr_Bromovirus_I17
TLSTyr Bromovirus (E/B3 subclass),7SAM,A,120,0.06976744186046512,0.09651162790697675,#D0D7BF,TLSTyr_Bromovirus_I17
TLSTyr Bromovirus (E/B3 subclass),7SAM,A,131,0.625,0.8645833333333334,#BBF91D,TLSTyr_Bromovirus_I18
TLSTyr Bromovirus (E/B3 subclass),7SAM,A,132,0.625,0.8645833333333334,#BBF91D,TLSTyr_Bromovirus_I18
TLSTyr Bromovirus (E/B3 subclass),7SAM,A,140,0.23333333333333334,0.3227777777777778,#CAE18F,TLSTyr_Bromovirus_I19
TLSTyr Bromovirus (E/B3 subclass),7SAM,A,141,0.23333333333333334,0.3227777777777778,#CAE18F,TLSTyr_Bromovirus_I19
TLSTyr Bromovirus (E/B3 subclass),7SAM,A,144,0.16666666666666666,0.23055555555555554,#CDDDA2,TLSTyr_Bromovirus_I20
TLSTyr Bromovirus (E/B3 subclass),7SAM,A,145,0.16666666666666666,0.23055555555555554,#CDDDA2,TLSTyr_Bromovirus_I20
TLSTyr Bromovirus (E/B3 subclass),7SAM,A,155,0.23255813953488372,0.32170542635658916,#CAE18F,TLSTyr_Bromovirus_I21
TLSTyr Bromovirus (E/B3 subclass),7SAM,A,156,0.23255813953488372,0.32170542635658916,#CAE18F,TLSTyr_Bromovirus_I21
TLSTyr Bromovirus (E/B3 subclass),7SAM,A,160,0.45454545454545453,0.6287878787878788,#C1EF4E,TLSTyr_Bromovirus_I22
TLSTyr Bromovirus (E/B3 subclass),7SAM,A,161,0.45454545454545453,0.6287878787878788,#C1EF4E,TLSTyr_Bromovirus_I22;TLSTyr_Bromovirus_I23
TLSTyr Bromovirus (E/B3 subclass),7SAM,A,162,0.2727272727272727,0.37727272727272726,#C8E483,TLSTyr_Bromovirus_I23
TLSTyr Bromovirus (E/B3 subclass),7SAM,A,168,0.022727272727272728,0.03143939393939394,#D2D4CC,TLSTyr_Bromovirus_I24
TLSTyr Bromovirus (E/B3 subclass),7SAM,A,169,0.022727272727272728,0.03143939393939394,#D2D4CC,TLSTyr_Bromovirus_I24
