class_or_subclass,boundary_id,alignment_file,reference_record,sto_block_start_1based,sto_block_end_1based,aligned_block_width,left_reference_residue_1based,right_reference_residue_1based,left_reference_base,right_reference_base,alignment_record_count,evaluable_record_count,inserted_record_count_evaluable,inserted_record_count_all,raw_insertion_prevalence_evaluable,raw_insertion_prevalence_all,henikoff_weighted_insertion_prevalence_evaluable,mean_insertion_length_nt,maximum_insertion_length_nt,left_pdb_label_seq_id,right_pdb_label_seq_id,left_flank_resolved,right_flank_resolved,colored_pdb_label_seq_ids,inserted_records,normalized_global_color_intensity,boundary_color_hex
TLSVal,TLSVal_I01,TLSVal.sto,V01418.1/610-695,30,32,3,29,30,C,C,116,115,1,1,0.008695652173913044,0.008620689655172414,0.02134584542387157,3,3,29,30,True,True,29;30,NC_015523.1/6089-6175,0.012028985507246378,#D3D4D0
TLSVal,TLSVal_I02,TLSVal.sto,V01418.1/610-695,48,90,43,44,45,U,C,116,83,60,88,0.7228915662650602,0.7586206896551724,0.8501048465299884,12.766666666666667,42,44,45,True,True,44;45,AF239729.1/4164-4290;AF447396.1/4184-4310;AF447399.1/4427-4553;AF447400.1/4532-4658;AF447401.1/4340-4466;AJ277545.1/74-200;FN396539.2/2-124;FN396540.2/2-124;FN396541.2/2-124;FN396542.2/2-124;FN396543.2/2-124;FN396544.2/2-124;FN646499.1/2-124;NC_001982.1/2371-2478;NC_001990.1/6525-6625;NC_003668.1/4379-4504;NC_004730.1/4381-4507;NC_005898.1/5389-5492;NC_005899.1/2376-2490;X78602.1/5771-5897;X99149.1/5715-5841;AF146278.1/6941-7026;AF146282.1/3588-3673;AJ271839.1/3480-3564;EF545141.1/3369-3454;EU779803.2/6597-6679;KP714070.1/4642-4726;KT736089.1/3509-3593;KU236377.1/3489-3574;MH384307.1/4659-4743;NC_002041.1/7015-7099;NC_002042.1/3509-3593;NC_002330.1/3598-3683;NC_002351.1/6940-7025;NC_002356.1/3485-3569;NC_002358.1/7026-7111;NC_002359.1/7063-7147;NC_003510.1/5919-6002;NC_003511.1/2830-2913;NC_003512.1/2445-2528;NC_004014.1/6793-6878;NC_004015.1/3333-3418;NC_011559.1/6071-6151;NC_014546.1/6562-6643;NC_026816.1/6606-6688;NC_038850.1/7141-7226;NC_038851.1/3489-3574;U64512.1/3369-3454;X54354.1/598-681;X81639.1/3509-3592;Z66493.2/2920-3005;Z97873.1/5749-5834;NC_055447.1/2618-2700;NC_055448.1/5726-5806;NC_029037.2/2946-3028;NC_029035.2/3082-3164;NC_029034.2/6089-6170;NC_033158.1/10566-10650;NC_033245.1/4165-4246;NC_032122.1/4138-4208,1.0,#B7FF00
TLSVal,TLSVal_I03,TLSVal.sto,V01418.1/610-695,113,114,2,66,67,U,U,116,56,3,3,0.05357142857142857,0.02586206896551724,0.054616918755038615,2,2,66,67,True,True,66;67,M15286.1/1-83;M58310.1/1-84;M58311.1/1-83,0.07410714285714286,#D1D6C3
TLSVal,TLSVal_I04,TLSVal.sto,V01418.1/610-695,120,121,2,71,72,A,G,116,113,38,38,0.336283185840708,0.3275862068965517,0.377781911104594,1.0263157894736843,2,71,72,True,True,71;72,NC_001982.1/2371-2478;NC_005898.1/5389-5492;NC_005899.1/2376-2490;AB627084.1/1702-1782;FN563124.1/6435-6517;KJ690172.1/6252-6334;KM822699.1/3051-3134;KM822702.1/3051-3134;KP420027.1/3051-3134;KR857363.1/2868-2950;KT834406.1/6203-6284;KU955486.1/2820-2903;KU955492.1/3051-3134;KU955493.1/3172-3253;KU955494.1/3051-3134;KU955503.1/2881-2964;M15284.1/14-96;M58312.1/2-84;M58313.1/1-82;MG323924.1/6163-6245;MH784952.1/6266-6348;NC_001480.1/6248-6331;NC_001513.1/6130-6211;NC_003725.1/2881-2964;NC_011537.1/6125-6206;NC_011539.1/6073-6154;NC_014127.1/6435-6517;NC_020470.1/6256-6337;NC_020471.1/6140-6222;NC_021851.1/6196-6277;Y16104.1/6591-6673;M15286.1/1-83;M58310.1/1-84;M58311.1/1-83;NC_029037.2/2946-3028;NC_029035.2/3082-3164;NC_029034.2/6089-6170;NC_033245.1/4165-4246,0.4651917404129794,#C6E771
TLSVal,TLSVal_I05,TLSVal.sto,V01418.1/610-695,128,160,33,77,78,A,U,116,83,9,33,0.10843373493975904,0.28448275862068967,0.27476318376554043,9.11111111111111,32,77,78,True,True,77;78,NC_001982.1/2371-2478;NC_005898.1/5389-5492;NC_005899.1/2376-2490;KJ690172.1/6252-6334;M15284.1/14-96;M58313.1/1-82;MG323924.1/6163-6245;MH784952.1/6266-6348;NC_001480.1/6248-6331,0.15,#CFDAB3
TLSHis,TLSHis_I01,TLSHis.sto,NC_001367.1/6290-6395,9,10,2,8,9,U,U,33,33,2,2,0.06060606060606061,0.06060606060606061,0.08625254595774128,1.5,2,106,107,True,True,106;107,NC_001728.1/6512-6618;NC_001556.1/6249-6355,0.08383838383838384,#D1D7C1
TLSHis,TLSHis_I02,TLSHis.sto,NC_001367.1/6290-6395,15,15,1,12,13,A,U,33,31,7,9,0.22580645161290322,0.2727272727272727,0.24014168873493996,1,1,110,111,True,True,110;111,NC_040685.2/6351-6453;NC_002633.1/6457-6562;NC_003610.1/6408-6513;NC_003878.1/6407-6512;NC_025381.1/6329-6431;NC_008310.2/6383-6485;NC_016442.1/6404-6506,0.3123655913978495,#CAE191
TLSHis,TLSHis_I03,TLSHis.sto,NC_001367.1/6290-6395,20,20,1,16,17,C,G,33,29,5,5,0.1724137931034483,0.15151515151515152,0.1548402236047305,1,1,114,115,True,True,114;115,NC_011803.1/6346-6449;NC_030229.1/6247-6350;NC_003630.1/6250-6357;NC_008716.1/6693-6794;NC_015552.1/6689-6791,0.2385057471264368,#CCDDA1
TLSHis,TLSHis_I04,TLSHis.sto,NC_001367.1/6290-6395,46,46,1,41,42,A,U,33,33,1,1,0.030303030303030304,0.030303030303030304,0.03690908421308919,1,1,139,140,True,True,139;140,NC_001801.1/6320-6424,0.04191919191919192,#D2D5CA
TLSHis,TLSHis_I05,TLSHis.sto,NC_001367.1/6290-6395,52,54,3,46,47,U,C,33,32,8,8,0.25,0.24242424242424243,0.31677848925729596,1.5,3,144,145,True,True,144;145,NC_002792.2/6210-6311;NC_003852.1/6402-6507;NC_010944.1/6276-6381;NC_001556.1/6249-6355;NC_008716.1/6693-6794;NC_004106.1/6417-6524;NC_015552.1/6689-6791;NC_022801.1/6271-6379,0.3458333333333333,#C9E28A
TLSHis,TLSHis_I06,TLSHis.sto,NC_001367.1/6290-6395,59,60,2,50,51,C,A,33,29,8,8,0.27586206896551724,0.24242424242424243,0.30267421515204473,1.125,2,148,149,True,True,148;149,NC_001728.1/6512-6618;NC_004422.1/6202-6303;NC_003355.1/6197-6298;NC_001873.1/6210-6311;NC_002792.2/6210-6311;NC_001556.1/6249-6355;NC_034509.1/6283-6386;NC_008310.2/6383-6485,0.3816091954022989,#C8E482
TLSHis,TLSHis_I07,TLSHis.sto,NC_001367.1/6290-6395,75,79,5,64,65,A,G,33,33,18,18,0.5454545454545454,0.5454545454545454,0.6055794537676605,1.6666666666666667,5,162,163,True,True,162;163,NC_011803.1/6346-6449;NC_003630.1/6250-6357;NC_003852.1/6402-6507;NC_010944.1/6276-6381;NC_001801.1/6320-6424;NC_040685.2/6351-6453;NC_001556.1/6249-6355;NC_034509.1/6283-6386;NC_008716.1/6693-6794;NC_004106.1/6417-6524;NC_008614.1/6382-6485;NC_015552.1/6689-6791;NC_002633.1/6457-6562;NC_003610.1/6408-6513;NC_003878.1/6407-6512;NC_022801.1/6271-6379;NC_025381.1/6329-6431;NC_016442.1/6404-6506,0.7545454545454545,#BEF434
TLSHis,TLSHis_I08,TLSHis.sto,NC_001367.1/6290-6395,84,85,2,68,69,A,G,33,33,1,1,0.030303030303030304,0.030303030303030304,0.05293567230701331,2,2,166,167,True,True,166;167,NC_008310.2/6383-6485,0.04191919191919192,#D2D5CA
TLSHis,TLSHis_I09,TLSHis.sto,NC_001367.1/6290-6395,104,104,1,86,87,G,U,33,17,3,3,0.17647058823529413,0.09090909090909091,0.1719287990372744,1,1,184,185,True,True,184;185,NC_002633.1/6457-6562;NC_003610.1/6408-6513;NC_003878.1/6407-6512,0.24411764705882355,#CCDE9F
TLSHis,TLSHis_I10,TLSHis.sto,NC_001367.1/6290-6395,117,117,1,98,99,A,G,33,33,1,1,0.030303030303030304,0.030303030303030304,0.0491392787574825,1,1,196,197,True,True,196;197,NC_004106.1/6417-6524,0.04191919191919192,#D2D5CA
TLSTyr Bromovirus (E/B3 subclass),TLSTyr_Bromovirus_I01,TLSTyr_Bromovirus.sto,NC_002028.2/1926-2111,22,26,5,21,22,G,G,46,43,11,14,0.2558139534883721,0.30434782608695654,0.2872302278575737,2.272727272727273,3,6,7,True,True,6;7,NC_001440.1/2035-2216;NC_002034.1/3177-3357;NC_002035.1/2871-3050;NC_004122.1/2030-2213;NC_002040.1/2031-2188;NC_002039.1/2790-2947;NC_002038.1/3200-3357;NC_012134.1/3165-3350;NC_003838.1/2872-3074;NC_003837.1/3211-3410;NC_003836.1/2185-2386,0.3538759689922481,#C9E388
TLSTyr Bromovirus (E/B3 subclass),TLSTyr_Bromovirus_I02,TLSTyr_Bromovirus.sto,NC_002028.2/1926-2111,31,31,1,25,26,G,A,46,34,1,1,0.029411764705882353,0.021739130434782608,0.022109840167750673,1,1,10,11,True,True,10;11,NC_004120.1/3070-3252,0.04068627450980392,#D2D5CA
TLSTyr Bromovirus (E/B3 subclass),TLSTyr_Bromovirus_I03,TLSTyr_Bromovirus.sto,NC_002028.2/1926-2111,33,37,5,26,27,A,C,46,34,3,13,0.08823529411764706,0.2826086956521739,0.13660341242180798,2,3,11,12,True,True,11;12,NC_012136.1/2030-2214;NC_012134.1/3165-3350;NC_003838.1/2872-3074,0.12205882352941178,#D0D8B9
TLSTyr Bromovirus (E/B3 subclass),TLSTyr_Bromovirus_I04,TLSTyr_Bromovirus.sto,NC_002028.2/1926-2111,46,46,1,34,35,A,C,46,46,11,11,0.2391304347826087,0.2391304347826087,0.25179624139019224,1,1,19,20,True,True,19;20,NC_001440.1/2035-2216;NC_002034.1/3177-3357;NC_002035.1/2871-3050;NC_003543.1/2985-3171;NC_003541.1/2589-2774;NC_040391.1/2061-2244;NC_040389.1/2624-2810;NC_004008.1/2992-3158;NC_003673.1/2954-3128;NC_003671.1/2264-2438;NC_003674.1/2560-2726,0.3307971014492754,#CAE28D
TLSTyr Bromovirus (E/B3 subclass),TLSTyr_Bromovirus_I05,TLSTyr_Bromovirus.sto,NC_002028.2/1926-2111,48,48,1,35,36,C,C,46,46,4,4,0.08695652173913043,0.08695652173913043,0.06305354758824555,1,1,20,21,True,True,20;21,NC_040390.1/3062-3241;NC_002040.1/2031-2188;NC_002039.1/2790-2947;NC_002038.1/3200-3357,0.12028985507246377,#D0D8BA
TLSTyr Bromovirus (E/B3 subclass),TLSTyr_Bromovirus_I06,TLSTyr_Bromovirus.sto,NC_002028.2/1926-2111,50,50,1,36,37,C,U,46,46,3,3,0.06521739130434782,0.06521739130434782,0.043781598539127844,1,1,21,22,True,True,21;22,NC_013266.1/3083-3249;NC_013267.1/2696-2862;NC_013268.1/2258-2424,0.09021739130434782,#D0D7C0
TLSTyr Bromovirus (E/B3 subclass),TLSTyr_Bromovirus_I07,TLSTyr_Bromovirus.sto,NC_002028.2/1926-2111,77,77,1,45,46,G,A,46,46,2,2,0.043478260869565216,0.043478260869565216,0.06783311118137533,1,1,30,31,True,True,30;31,NC_012136.1/2030-2214;NC_012134.1/3165-3350,0.060144927536231886,#D1D6C6
TLSTyr Bromovirus (E/B3 subclass),TLSTyr_Bromovirus_I08,TLSTyr_Bromovirus.sto,NC_002028.2/1926-2111,79,80,2,46,47,A,G,46,46,3,3,0.06521739130434782,0.06521739130434782,0.043781598539127844,2,2,31,32,True,True,31;32,NC_013266.1/3083-3249;NC_013267.1/2696-2862;NC_013268.1/2258-2424,0.09021739130434782,#D0D7C0
TLSTyr Bromovirus (E/B3 subclass),TLSTyr_Bromovirus_I09,TLSTyr_Bromovirus.sto,NC_002028.2/1926-2111,84,84,1,49,50,G,U,46,46,6,6,0.13043478260869565,0.13043478260869565,0.1776545961898164,1,1,34,35,True,True,34;35,NC_003543.1/2985-3171;NC_040389.1/2624-2810;NC_004008.1/2992-3158;NC_003673.1/2954-3128;NC_003671.1/2264-2438;NC_003674.1/2560-2726,0.18043478260869564,#CEDBAD
TLSTyr Bromovirus (E/B3 subclass),TLSTyr_Bromovirus_I10,TLSTyr_Bromovirus.sto,NC_002028.2/1926-2111,86,86,1,50,51,U,C,46,46,1,1,0.021739130434782608,0.021739130434782608,0.018907377979658926,1,1,35,36,True,True,35;36,NC_003542.1/1988-2173,0.030072463768115943,#D2D4CD
TLSTyr Bromovirus (E/B3 subclass),TLSTyr_Bromovirus_I11,TLSTyr_Bromovirus.sto,NC_002028.2/1926-2111,98,98,1,61,62,U,U,46,46,3,3,0.06521739130434782,0.06521739130434782,0.04700811308244584,1,1,46,47,True,True,46;47,NC_002040.1/2031-2188;NC_002039.1/2790-2947;NC_002038.1/3200-3357,0.09021739130434782,#D0D7C0
TLSTyr Bromovirus (E/B3 subclass),TLSTyr_Bromovirus_I12,TLSTyr_Bromovirus.sto,NC_002028.2/1926-2111,107,107,1,69,70,U,A,46,32,3,3,0.09375,0.06521739130434782,0.18143681493882644,1,1,54,55,True,True,54;55,NC_003838.1/2872-3074;NC_003837.1/3211-3410;NC_003836.1/2185-2386,0.1296875,#CFD9B8
TLSTyr Bromovirus (E/B3 subclass),TLSTyr_Bromovirus_I13,TLSTyr_Bromovirus.sto,NC_002028.2/1926-2111,146,172,27,107,108,U,G,46,23,5,5,0.21739130434782608,0.10869565217391304,0.40806187574469766,22.6,27,92,93,True,True,92;93,NC_012136.1/2030-2214;NC_012134.1/3165-3350;NC_003838.1/2872-3074;NC_003837.1/3211-3410;NC_003836.1/2185-2386,0.3007246376811594,#CBE094
TLSTyr Bromovirus (E/B3 subclass),TLSTyr_Bromovirus_I14,TLSTyr_Bromovirus.sto,NC_002028.2/1926-2111,177,177,1,111,112,U,G,46,42,10,10,0.23809523809523808,0.21739130434782608,0.18018931810080224,1,1,96,97,True,True,96;97,NC_001440.1/2035-2216;NC_002034.1/3177-3357;NC_002035.1/2871-3050;NC_003543.1/2985-3171;NC_003541.1/2589-2774;NC_004122.1/2030-2213;NC_003542.1/1988-2173;NC_004006.1/2130-2293;NC_004007.1/2635-2799;NC_004008.1/2992-3158,0.32936507936507936,#CAE18E
TLSTyr Bromovirus (E/B3 subclass),TLSTyr_Bromovirus_I15,TLSTyr_Bromovirus.sto,NC_002028.2/1926-2111,191,191,1,123,124,G,C,46,33,5,5,0.15151515151515152,0.10869565217391304,0.296204295586507,1,1,108,109,True,True,108;109,NC_012136.1/2030-2214;NC_012134.1/3165-3350;NC_003838.1/2872-3074;NC_003837.1/3211-3410;NC_003836.1/2185-2386,0.2095959595959596,#CDDCA7
TLSTyr Bromovirus (E/B3 subclass),TLSTyr_Bromovirus_I16,TLSTyr_Bromovirus.sto,NC_002028.2/1926-2111,198,199,2,129,130,C,U,46,44,31,31,0.7045454545454546,0.6739130434782609,0.7100611828196929,1.2903225806451613,2,114,115,True,True,114;115,NC_001440.1/2035-2216;NC_002034.1/3177-3357;NC_002035.1/2871-3050;NC_007000.2/2536-2721;NC_007001.1/1906-2091;NC_004120.1/3070-3252;NC_006999.2/2993-3176;NC_003543.1/2985-3171;NC_003541.1/2589-2774;NC_004122.1/2030-2213;NC_040390.1/3062-3241;NC_003542.1/1988-2173;NC_040389.1/2624-2810;NC_002040.1/2031-2188;NC_013266.1/3083-3249;NC_013267.1/2696-2862;NC_013268.1/2258-2424;NC_003650.1/2250-2435;NC_003649.1/3193-3378;NC_003651.1/2469-2654;NC_025482.1/2956-3130;NC_078671.1/2357-2529;NC_025483.1/2379-2553;NC_018402.1/2996-3169;NC_078670.1/2320-2493;NC_003838.1/2872-3074;NC_003837.1/3211-3410;NC_018403.1/2334-2507;NC_018404.1/2357-2530;NC_078672.1/2987-3160;NC_003836.1/2185-2386,0.9746212121212122,#B8FE05
TLSTyr Bromovirus (E/B3 subclass),TLSTyr_Bromovirus_I17,TLSTyr_Bromovirus.sto,NC_002028.2/1926-2111,205,205,1,134,135,A,A,46,43,3,3,0.06976744186046512,0.06521739130434782,0.053054881540192375,1,1,119,120,True,True,119;120,NC_003543.1/2985-3171;NC_003541.1/2589-2774;NC_003542.1/1988-2173,0.09651162790697675,#D0D7BF
TLSTyr Bromovirus (E/B3 subclass),TLSTyr_Bromovirus_I18,TLSTyr_Bromovirus.sto,NC_002028.2/1926-2111,218,218,1,146,147,G,U,46,8,5,5,0.625,0.10869565217391304,0.6969071941277487,1,1,131,132,True,True,131;132,NC_025482.1/2956-3130;NC_025483.1/2379-2553;NC_018402.1/2996-3169;NC_018403.1/2334-2507;NC_018404.1/2357-2530,0.8645833333333334,#BBF91D
TLSTyr Bromovirus (E/B3 subclass),TLSTyr_Bromovirus_I19,TLSTyr_Bromovirus.sto,NC_002028.2/1926-2111,228,240,13,155,156,U,G,46,30,7,7,0.23333333333333334,0.15217391304347827,0.308088920631775,6.285714285714286,12,140,141,True,True,140;141,NC_003650.1/2250-2435;NC_003649.1/3193-3378;NC_003651.1/2469-2654;NC_004008.1/2992-3158;NC_078671.1/2357-2529;NC_078670.1/2320-2493;NC_078672.1/2987-3160,0.3227777777777778,#CAE18F
TLSTyr Bromovirus (E/B3 subclass),TLSTyr_Bromovirus_I20,TLSTyr_Bromovirus.sto,NC_002028.2/1926-2111,245,256,12,159,160,A,A,46,24,4,8,0.16666666666666666,0.17391304347826086,0.2802577991165254,8.5,11,144,145,True,True,144;145,NC_003650.1/2250-2435;NC_003649.1/3193-3378;NC_003651.1/2469-2654;NC_004008.1/2992-3158,0.23055555555555554,#CDDDA2
TLSTyr Bromovirus (E/B3 subclass),TLSTyr_Bromovirus_I21,TLSTyr_Bromovirus.sto,NC_002028.2/1926-2111,268,268,1,170,171,A,U,46,43,10,10,0.23255813953488372,0.21739130434782608,0.22516928615184778,1,1,155,156,True,True,155;156,NC_007000.2/2536-2721;NC_007001.1/1906-2091;NC_004120.1/3070-3252;NC_006999.2/2993-3176;NC_004121.1/2719-2898;NC_004122.1/2030-2213;NC_040391.1/2061-2244;NC_040389.1/2624-2810;NC_003673.1/2954-3128;NC_003671.1/2264-2438,0.32170542635658916,#CAE18F
TLSTyr Bromovirus (E/B3 subclass),TLSTyr_Bromovirus_I22,TLSTyr_Bromovirus.sto,NC_002028.2/1926-2111,274,274,1,175,176,U,A,46,11,5,8,0.45454545454545453,0.17391304347826086,0.6375419199715462,1,1,160,161,True,True,160;161,NC_004007.1/2635-2799;NC_004008.1/2992-3158;NC_003673.1/2954-3128;NC_003671.1/2264-2438;NC_003674.1/2560-2726,0.6287878787878788,#C1EF4E
TLSTyr Bromovirus (E/B3 subclass),TLSTyr_Bromovirus_I23,TLSTyr_Bromovirus.sto,NC_002028.2/1926-2111,276,293,18,176,177,A,A,46,11,3,3,0.2727272727272727,0.06521739130434782,0.48911844485469697,15,18,161,162,True,True,161;162,NC_003673.1/2954-3128;NC_003671.1/2264-2438;NC_003674.1/2560-2726,0.37727272727272726,#C8E483
TLSTyr Bromovirus (E/B3 subclass),TLSTyr_Bromovirus_I24,TLSTyr_Bromovirus.sto,NC_002028.2/1926-2111,301,301,1,183,184,A,C,46,44,1,1,0.022727272727272728,0.021739130434782608,0.0382132859373539,1,1,168,169,True,True,168;169,NC_003674.1/2560-2726,0.03143939393939394,#D2D4CC
