reference_record,reference_residue_1based,reference_base,pdb_id,pdb_label_chain,pdb_label_seq_id,pdb_auth_chain,pdb_auth_seq_num,pdb_mon_id,pdb_base,sequence_match,resolved_in_model_1
NC_001367.1/6290-6395,1,U,9VTI,XB,99,10,99,U,U,True,True
NC_001367.1/6290-6395,2,U,9VTI,XB,100,10,100,U,U,True,True
NC_001367.1/6290-6395,3,G,9VTI,XB,101,10,101,G,G,True,True
NC_001367.1/6290-6395,4,U,9VTI,XB,102,10,102,U,U,True,True
NC_001367.1/6290-6395,5,G,9VTI,XB,103,10,103,G,G,True,True
NC_001367.1/6290-6395,6,U,9VTI,XB,104,10,104,U,U,True,True
NC_001367.1/6290-6395,7,C,9VTI,XB,105,10,105,C,C,True,True
NC_001367.1/6290-6395,8,U,9VTI,XB,106,10,106,U,U,True,True
NC_001367.1/6290-6395,9,U,9VTI,XB,107,10,107,U,U,True,True
NC_001367.1/6290-6395,10,G,9VTI,XB,108,10,108,G,G,True,True
NC_001367.1/6290-6395,11,G,9VTI,XB,109,10,109,G,G,True,True
NC_001367.1/6290-6395,12,A,9VTI,XB,110,10,110,A,A,True,True
NC_001367.1/6290-6395,13,U,9VTI,XB,111,10,111,U,U,True,True
NC_001367.1/6290-6395,14,C,9VTI,XB,112,10,112,C,C,True,True
NC_001367.1/6290-6395,15,G,9VTI,XB,113,10,113,G,G,True,True
NC_001367.1/6290-6395,16,C,9VTI,XB,114,10,114,C,C,True,True
NC_001367.1/6290-6395,17,G,9VTI,XB,115,10,115,G,G,True,True
NC_001367.1/6290-6395,18,C,9VTI,XB,116,10,116,C,C,True,True
NC_001367.1/6290-6395,19,G,9VTI,XB,117,10,117,G,G,True,True
NC_001367.1/6290-6395,20,G,9VTI,XB,118,10,118,G,G,True,True
NC_001367.1/6290-6395,21,G,9VTI,XB,119,10,119,G,G,True,True
NC_001367.1/6290-6395,22,U,9VTI,XB,120,10,120,U,U,True,True
NC_001367.1/6290-6395,23,C,9VTI,XB,121,10,121,C,C,True,True
NC_001367.1/6290-6395,24,A,9VTI,XB,122,10,122,A,A,True,True
NC_001367.1/6290-6395,25,A,9VTI,XB,123,10,123,A,A,True,True
NC_001367.1/6290-6395,26,A,9VTI,XB,124,10,124,A,A,True,True
NC_001367.1/6290-6395,27,U,9VTI,XB,125,10,125,U,U,True,True
NC_001367.1/6290-6395,28,G,9VTI,XB,126,10,126,G,G,True,True
NC_001367.1/6290-6395,29,U,9VTI,XB,127,10,127,U,U,True,True
NC_001367.1/6290-6395,30,A,9VTI,XB,128,10,128,A,A,True,True
NC_001367.1/6290-6395,31,U,9VTI,XB,129,10,129,U,U,True,True
NC_001367.1/6290-6395,32,A,9VTI,XB,130,10,130,A,A,True,True
NC_001367.1/6290-6395,33,U,9VTI,XB,131,10,131,U,U,True,True
NC_001367.1/6290-6395,34,G,9VTI,XB,132,10,132,G,G,True,True
NC_001367.1/6290-6395,35,G,9VTI,XB,133,10,133,G,G,True,True
NC_001367.1/6290-6395,36,U,9VTI,XB,134,10,134,U,U,True,True
NC_001367.1/6290-6395,37,U,9VTI,XB,135,10,135,U,U,True,True
NC_001367.1/6290-6395,38,C,9VTI,XB,136,10,136,C,C,True,True
NC_001367.1/6290-6395,39,A,9VTI,XB,137,10,137,A,A,True,True
NC_001367.1/6290-6395,40,U,9VTI,XB,138,10,138,U,U,True,True
NC_001367.1/6290-6395,41,A,9VTI,XB,139,10,139,A,A,True,True
NC_001367.1/6290-6395,42,U,9VTI,XB,140,10,140,U,U,True,True
NC_001367.1/6290-6395,43,A,9VTI,XB,141,10,141,A,A,True,True
NC_001367.1/6290-6395,44,C,9VTI,XB,142,10,142,C,C,True,True
NC_001367.1/6290-6395,45,A,9VTI,XB,143,10,143,A,A,True,True
NC_001367.1/6290-6395,46,U,9VTI,XB,144,10,144,U,U,True,True
NC_001367.1/6290-6395,47,C,9VTI,XB,145,10,145,C,C,True,True
NC_001367.1/6290-6395,48,C,9VTI,XB,146,10,146,C,C,True,True
NC_001367.1/6290-6395,49,G,9VTI,XB,147,10,147,G,G,True,True
NC_001367.1/6290-6395,50,C,9VTI,XB,148,10,148,C,C,True,True
NC_001367.1/6290-6395,51,A,9VTI,XB,149,10,149,A,A,True,True
NC_001367.1/6290-6395,52,G,9VTI,XB,150,10,150,G,G,True,True
NC_001367.1/6290-6395,53,G,9VTI,XB,151,10,151,G,G,True,True
NC_001367.1/6290-6395,54,C,9VTI,XB,152,10,152,C,C,True,True
NC_001367.1/6290-6395,55,A,9VTI,XB,153,10,153,A,A,True,True
NC_001367.1/6290-6395,56,C,9VTI,XB,154,10,154,C,C,True,True
NC_001367.1/6290-6395,57,G,9VTI,XB,155,10,155,G,G,True,True
NC_001367.1/6290-6395,58,U,9VTI,XB,156,10,156,U,U,True,True
NC_001367.1/6290-6395,59,A,9VTI,XB,157,10,157,A,A,True,True
NC_001367.1/6290-6395,60,A,9VTI,XB,158,10,158,A,A,True,True
NC_001367.1/6290-6395,61,U,9VTI,XB,159,10,159,U,U,True,True
NC_001367.1/6290-6395,62,A,9VTI,XB,160,10,160,A,A,True,True
NC_001367.1/6290-6395,63,A,9VTI,XB,161,10,161,A,A,True,True
NC_001367.1/6290-6395,64,A,9VTI,XB,162,10,162,A,A,True,True
NC_001367.1/6290-6395,65,G,9VTI,XB,163,10,163,G,G,True,True
NC_001367.1/6290-6395,66,C,9VTI,XB,164,10,164,C,C,True,True
NC_001367.1/6290-6395,67,G,9VTI,XB,165,10,165,G,G,True,True
NC_001367.1/6290-6395,68,A,9VTI,XB,166,10,166,A,A,True,True
NC_001367.1/6290-6395,69,G,9VTI,XB,167,10,167,G,G,True,True
NC_001367.1/6290-6395,70,G,9VTI,XB,168,10,168,G,G,True,True
NC_001367.1/6290-6395,71,G,9VTI,XB,169,10,169,G,G,True,True
NC_001367.1/6290-6395,72,G,9VTI,XB,170,10,170,G,G,True,True
NC_001367.1/6290-6395,73,U,9VTI,XB,171,10,171,U,U,True,True
NC_001367.1/6290-6395,74,U,9VTI,XB,172,10,172,U,U,True,True
NC_001367.1/6290-6395,75,C,9VTI,XB,173,10,173,C,C,True,True
NC_001367.1/6290-6395,76,G,9VTI,XB,174,10,174,G,G,True,True
NC_001367.1/6290-6395,77,A,9VTI,XB,175,10,175,A,A,True,True
NC_001367.1/6290-6395,78,A,9VTI,XB,176,10,176,A,A,True,True
NC_001367.1/6290-6395,79,U,9VTI,XB,177,10,177,U,U,True,True
NC_001367.1/6290-6395,80,C,9VTI,XB,178,10,178,C,C,True,True
NC_001367.1/6290-6395,81,C,9VTI,XB,179,10,179,C,C,True,True
NC_001367.1/6290-6395,82,C,9VTI,XB,180,10,180,C,C,True,True
NC_001367.1/6290-6395,83,C,9VTI,XB,181,10,181,C,C,True,True
NC_001367.1/6290-6395,84,C,9VTI,XB,182,10,182,C,C,True,True
NC_001367.1/6290-6395,85,C,9VTI,XB,183,10,183,C,C,True,True
NC_001367.1/6290-6395,86,G,9VTI,XB,184,10,184,G,G,True,True
NC_001367.1/6290-6395,87,U,9VTI,XB,185,10,185,U,U,True,True
NC_001367.1/6290-6395,88,U,9VTI,XB,186,10,186,U,U,True,True
NC_001367.1/6290-6395,89,A,9VTI,XB,187,10,187,A,A,True,True
NC_001367.1/6290-6395,90,C,9VTI,XB,188,10,188,C,C,True,True
NC_001367.1/6290-6395,91,C,9VTI,XB,189,10,189,C,C,True,True
NC_001367.1/6290-6395,92,C,9VTI,XB,190,10,190,C,C,True,True
NC_001367.1/6290-6395,93,C,9VTI,XB,191,10,191,C,C,True,True
NC_001367.1/6290-6395,94,C,9VTI,XB,192,10,192,C,C,True,True
NC_001367.1/6290-6395,95,G,9VTI,XB,193,10,193,G,G,True,True
NC_001367.1/6290-6395,96,G,9VTI,XB,194,10,194,G,G,True,True
NC_001367.1/6290-6395,97,U,9VTI,XB,195,10,195,U,U,True,True
NC_001367.1/6290-6395,98,A,9VTI,XB,196,10,196,A,A,True,True
NC_001367.1/6290-6395,99,G,9VTI,XB,197,10,197,G,G,True,True
NC_001367.1/6290-6395,100,G,9VTI,XB,198,10,198,G,G,True,True
NC_001367.1/6290-6395,101,G,9VTI,XB,199,10,199,G,G,True,True
NC_001367.1/6290-6395,102,G,9VTI,XB,200,10,200,G,G,True,True
NC_001367.1/6290-6395,103,C,9VTI,XB,201,10,201,C,C,True,True
NC_001367.1/6290-6395,104,C,9VTI,XB,202,10,202,C,C,True,True
NC_001367.1/6290-6395,105,C,9VTI,XB,203,10,203,C,C,True,True
NC_001367.1/6290-6395,106,A,9VTI,XB,204,10,204,A,A,True,True
