reference_record,reference_residue_1based,reference_base,pdb_id,pdb_label_chain,pdb_label_seq_id,pdb_auth_chain,pdb_auth_seq_num,pdb_mon_id,pdb_base,sequence_match,resolved_in_model_1,sto_column_1based,consensus_base,normalized_shannon_entropy,conservation_score_1_minus_entropy,henikoff_weighted_occupancy,weighted_frequency_A,weighted_frequency_C,weighted_frequency_G,weighted_frequency_U,raw_count_A,raw_count_C,raw_count_G,raw_count_U,raw_count_gap_or_other
NC_002028.2/1926-2111,16,G,7SAM,A,1,A,?,G,G,True,False,16,G,0.3643695104924922,0.6356304895075078,1.0000000000000002,0.2034319001598723,0.0,0.7965680998401277,0.0,9,0,37,0,0
NC_002028.2/1926-2111,17,U,7SAM,A,2,A,?,G,G,False,False,17,U,-0.0,1.0,1.0,0.0,0.0,0.0,1.0,0,0,0,46,0
NC_002028.2/1926-2111,18,C,7SAM,A,3,A,1,C,C,True,True,18,C,0.22155093509463858,0.7784490649053615,1.0000000000000002,0.0,0.9080026303454728,0.09199736965452722,0.0,0,41,5,0,0
NC_002028.2/1926-2111,19,G,7SAM,A,4,A,2,G,G,True,True,19,G,0.5050060604663628,0.49499393953363724,1.0000000000000002,0.1926343426805644,0.029956993460933813,0.7603575442369896,0.017051119621512012,5,2,38,1,0
NC_002028.2/1926-2111,20,U,7SAM,A,5,A,3,U,U,True,True,20,U,0.17889235724863908,0.8211076427513609,1.0,0.0,0.06783311118137533,0.0,0.9321668888186248,0,2,0,44,0
NC_002028.2/1926-2111,21,G,7SAM,A,6,A,4,G,G,True,True,21,G,0.7995110049046809,0.20048899509531914,1.0,0.16100630214412023,0.22265223445966412,0.562966767697851,0.05337469569836461,9,7,28,2,0
NC_002028.2/1926-2111,22,G,7SAM,A,7,A,5,G,G,True,True,27,G,0.3525536523042557,0.6474463476957443,0.9275797608583044,0.016502813419531897,0.054087568230899705,0.8792576102238846,0.05015200812568374,1,2,37,3,3
NC_002028.2/1926-2111,23,U,7SAM,A,8,A,6,U,U,True,True,28,U,0.3849722752056239,0.6150277247943761,0.9834370057571487,0.12213069517611676,0.017078403976920075,0.015679830941668266,0.8451110699052949,6,1,1,37,1
NC_002028.2/1926-2111,24,U,7SAM,A,9,A,7,U,U,True,True,29,U,0.5332892604058964,0.4667107395941036,0.9834370057571487,0.22616475392445107,0.0,0.05746478084644364,0.7163704652291052,10,0,2,33,1
NC_002028.2/1926-2111,25,G,7SAM,A,10,A,8,G,G,True,True,30,G,0.6067583944573836,0.39324160554261645,1.0,0.39364219221074426,0.0,0.5571252209677849,0.0492325868214708,16,0,27,3,0
NC_002028.2/1926-2111,26,A,7SAM,A,11,A,9,A,A,True,True,32,A,0.5106930349915768,0.4893069650084232,0.7852574564860301,0.7967917291633729,0.11138446325946502,0.050220136948151785,0.04160367062901028,27,4,1,2,12
NC_002028.2/1926-2111,27,C,7SAM,A,12,A,10,C,C,True,True,38,C,0.8485834737974994,0.15141652620250057,1.0,0.05337469569836461,0.4951336565164757,0.22265223445966412,0.22883941332549557,2,26,7,11,0
NC_002028.2/1926-2111,28,A,7SAM,A,13,A,11,A,A,True,True,39,A,0.17889235724863908,0.8211076427513609,1.0,0.9321668888186248,0.0,0.06783311118137533,0.0,44,0,2,0,0
NC_002028.2/1926-2111,29,C,7SAM,A,14,A,12,C,C,True,True,40,C,0.5050060604663628,0.49499393953363724,1.0000000000000002,0.017051119621512012,0.7603575442369896,0.029956993460933813,0.1926343426805644,1,38,2,5,0
NC_002028.2/1926-2111,30,G,7SAM,A,15,A,13,G,G,True,True,41,G,0.22155093509463858,0.7784490649053615,1.0000000000000002,0.0,0.09199736965452722,0.9080026303454728,0.0,0,5,41,0,0
NC_002028.2/1926-2111,31,C,7SAM,A,16,A,14,C,C,True,True,42,C,0.3643695104924922,0.6356304895075078,1.0000000000000002,0.0,0.7965680998401277,0.0,0.2034319001598723,0,37,0,9,0
NC_002028.2/1926-2111,32,A,7SAM,A,17,A,15,A,A,True,True,43,C,0.5911144538039527,0.40888554619604733,1.0,0.0757919673360436,0.662141415408789,0.0,0.26206661725516744,5,28,0,13,0
NC_002028.2/1926-2111,33,G,7SAM,A,18,A,16,G,G,True,True,44,G,0.697594432396444,0.30240556760355597,1.0,0.2314323025950626,0.01679553447017326,0.6223737685712938,0.12939839436347042,12,1,27,6,0
NC_002028.2/1926-2111,34,A,7SAM,A,19,A,17,A,A,True,True,45,A,0.7579108772561945,0.24208912274380545,1.0,0.47049321784575693,0.0,0.2195860893353449,0.30992069281889817,26,0,9,11,0
NC_002028.2/1926-2111,35,C,7SAM,A,20,A,18,C,C,True,True,47,C,0.9712267194321564,0.028773280567843562,1.0,0.19304665111855632,0.3518504877089692,0.1747356710428307,0.2803671901296438,11,14,9,12,0
NC_002028.2/1926-2111,36,C,7SAM,A,21,A,19,C,C,True,True,49,U,0.921685756337332,0.07831424366266804,1.0,0.13155025987619806,0.18697855707155533,0.2304787550402569,0.4509924280119897,8,9,10,19,0
NC_002028.2/1926-2111,37,U,7SAM,A,22,A,20,U,U,True,True,51,C,0.915474730577752,0.08452526942224803,1.0,0.06726530755088816,0.32658343974984294,0.28165185277336335,0.3244993999259055,4,13,9,20,0
NC_002028.2/1926-2111,38,C,7SAM,A,23,A,21,C,C,True,True,52,C,0.4668803115672969,0.5331196884327031,1.0,0.0,0.6503438165901982,0.0,0.34965618340980187,0,30,0,16,0
NC_002028.2/1926-2111,39,U,7SAM,A,24,A,22,U,U,True,True,53,U,0.3770737513544446,0.6229262486455553,0.95409842693546,0.0,0.2167278604639366,0.0,0.7832721395360634,0,6,0,38,2
NC_002028.2/1926-2111,40,U,7SAM,A,25,A,23,U,U,True,True,54,U,-0.0,1.0,0.9540984269354601,0.0,0.0,0.0,1.0,0,0,0,44,2
NC_002028.2/1926-2111,41,A,7SAM,A,26,A,24,A,A,True,True,55,A,0.45615986066602404,0.543840139333976,0.9008478835060556,0.7966170204753203,0.06484545972336882,0.0,0.1385375198013108,36,2,0,3,5
NC_002028.2/1926-2111,42,C,7SAM,A,27,A,25,C,C,True,True,56,C,0.3030868985453655,0.6969131014546345,0.8401877381816024,0.0,0.8514603036586879,0.0,0.14853969634131214,0,35,0,3,8
NC_002028.2/1926-2111,43,A,7SAM,A,28,A,26,A,A,True,True,57,A,0.1794166352192466,0.8205833647807534,0.7153865066824134,0.9318892994858804,0.06811070051411956,0.0,0.0,33,2,0,0,11
NC_002028.2/1926-2111,44,A,7SAM,A,29,A,27,A,A,True,True,75,A,0.39088462508603844,0.6091153749139615,0.95409842693546,0.7678333106620151,0.0,0.23216668933798495,0.0,37,0,7,0,2
NC_002028.2/1926-2111,45,G,7SAM,A,30,A,28,G,G,True,True,76,G,0.4451565723740633,0.5548434276259366,1.0,0.30753980500376266,0.0,0.6924601949962375,0.0,14,0,32,0,0
NC_002028.2/1926-2111,46,A,7SAM,A,31,A,29,A,A,True,True,78,G,0.9612650008179232,0.03873499918207679,1.0,0.2654765778701426,0.1328542564935785,0.3565404332107768,0.2451287324255021,16,5,15,10,0
NC_002028.2/1926-2111,47,G,7SAM,A,32,A,30,G,G,True,True,81,A,0.9598019321013842,0.0401980678986158,1.0,0.3522047698647215,0.2304787550402569,0.28576621521882356,0.13155025987619806,14,10,14,8,0
NC_002028.2/1926-2111,48,U,7SAM,A,33,A,31,U,U,True,True,82,U,-0.0,1.0,0.04312237475742444,0.0,0.0,0.0,1.0,0,0,0,3,43
NC_002028.2/1926-2111,49,G,7SAM,A,34,A,32,G,G,True,True,83,G,0.9209846967189086,0.07901530328109141,1.0,0.319168576205372,0.09078971162157368,0.3816873853293194,0.20835432684373495,12,6,16,12,0
NC_002028.2/1926-2111,50,U,7SAM,A,35,A,33,U,U,True,True,85,U,0.7425240979942802,0.2574759020057198,1.0,0.24837966135954842,0.146223826353681,0.02320900042638025,0.5821875118603904,8,6,1,31,0
NC_002028.2/1926-2111,51,C,7SAM,A,36,A,34,C,C,True,True,87,U,0.5977676035979976,0.40223239640200237,0.9999999999999999,0.014547335883966632,0.4416583878055772,0.016795534470173262,0.526998741840283,1,22,1,22,0
NC_002028.2/1926-2111,52,U,7SAM,A,37,A,35,U,U,True,True,88,G,0.5911144538039527,0.40888554619604733,1.0,0.26206661725516744,0.0,0.662141415408789,0.0757919673360436,13,0,28,5,0
NC_002028.2/1926-2111,53,A,7SAM,A,38,A,36,A,A,True,True,89,A,-0.0,1.0,1.0,1.0,0.0,0.0,0.0,46,0,0,0,0
NC_002028.2/1926-2111,54,G,7SAM,A,39,A,37,G,G,True,True,90,G,-0.0,1.0,1.0,0.0,0.0,1.0,0.0,0,0,46,0,0
NC_002028.2/1926-2111,55,G,7SAM,A,40,A,38,G,G,True,True,91,G,0.8739849211592602,0.1260150788407398,1.0,0.3672630744682831,0.05056087166917524,0.376875553628839,0.20530050023370264,16,3,16,11,0
NC_002028.2/1926-2111,56,U,7SAM,A,41,A,39,U,U,True,True,92,U,0.876887262324839,0.12311273767516095,0.9999999999999999,0.15981226181839744,0.2030158597232052,0.12236045707406944,0.514811421384328,8,12,3,23,0
NC_002028.2/1926-2111,57,G,7SAM,A,42,A,40,G,G,True,True,93,G,0.7474473339251497,0.2525526660748503,1.0,0.23202694886652497,0.05325054342940444,0.6081607893150777,0.10656171838899296,12,3,26,5,0
NC_002028.2/1926-2111,58,C,7SAM,A,43,A,41,C,C,True,True,94,C,0.7319823503914487,0.26801764960855134,0.95653371859429,0.16707436310060822,0.6504581141215988,0.08247924159359621,0.09998828118419671,8,29,2,6,1
NC_002028.2/1926-2111,59,C,7SAM,A,44,A,42,C,C,True,True,95,C,0.5888044448257838,0.41119555517421624,0.9211058243316406,0.0,0.6163391345638698,0.33262643286530674,0.05103443257082342,0,29,12,3,2
NC_002028.2/1926-2111,60,U,7SAM,A,45,A,43,U,U,True,True,96,U,0.5484868801927191,0.4515131198072809,1.0000000000000002,0.0,0.10732407904496448,0.1598122618183974,0.7328636591366382,0,7,8,31,0
NC_002028.2/1926-2111,61,U,7SAM,A,46,A,44,U,U,True,True,97,U,0.5776366968227646,0.42236330317723536,1.0,0.30669946177230933,0.0,0.05186056387784331,0.6414399743498475,14,0,3,29,0
NC_002028.2/1926-2111,62,U,7SAM,A,47,A,45,U,U,True,True,99,U,0.3169301180443194,0.6830698819556806,1.0,0.15981226181839742,0.0,0.0,0.8401877381816025,8,0,0,38,0
NC_002028.2/1926-2111,63,G,7SAM,A,48,A,46,G,G,True,True,100,G,0.8990572921872343,0.10094270781276571,1.0,0.142650275499417,0.11915103592058379,0.45602596968753234,0.2821727188924668,9,4,22,11,0
NC_002028.2/1926-2111,64,A,7SAM,A,49,A,47,A,A,True,True,101,A,0.8312961721456995,0.1687038278543005,1.0,0.4208780868447778,0.39418118551391235,0.05119331734855427,0.13374741029275555,20,18,3,5,0
NC_002028.2/1926-2111,65,G,7SAM,A,50,A,48,G,G,True,True,102,C,0.7856326167818021,0.21436738321819793,1.0,0.2375715359399691,0.512322533681693,0.234499868253363,0.015606062124974899,8,22,15,1,0
NC_002028.2/1926-2111,66,A,7SAM,A,51,A,49,A,A,True,True,103,G,0.8833006275040504,0.11669937249594964,1.0,0.3022303738254554,0.24716168857325854,0.4000470659321108,0.05056087166917524,19,6,18,3,0
NC_002028.2/1926-2111,67,G,7SAM,A,52,A,50,G,G,True,True,104,G,0.9210891341593792,0.07891086584062079,1.0,0.10005045089952785,0.19253316004160803,0.3990377757771812,0.30837861328168287,5,7,18,16,0
NC_002028.2/1926-2111,68,U,7SAM,A,53,A,51,U,U,True,True,105,U,0.78448620970731,0.21551379029269002,0.9999999999999999,0.0,0.3364402129002583,0.27136763155339344,0.39219215554634834,0,14,8,24,0
NC_002028.2/1926-2111,69,U,7SAM,A,54,A,52,U,U,True,True,106,U,0.40135208922801613,0.5986479107719839,0.6878495499453477,0.06532997406624035,0.0986162034804921,0.0,0.8360538224532676,3,2,0,27,14
NC_002028.2/1926-2111,70,A,7SAM,A,55,A,53,A,A,True,True,108,A,0.7460621702440269,0.2539378297559731,0.9244213422791121,0.46860653241928174,0.0,0.18444964934052438,0.3469438182401938,22,0,7,13,4
NC_002028.2/1926-2111,71,C,7SAM,A,56,A,54,C,C,True,True,109,C,0.2715030843918509,0.7284969156081491,1.0,0.1248012314991891,0.8751987685008109,0.0,0.0,3,43,0,0,0
NC_002028.2/1926-2111,72,U,7SAM,A,57,A,55,U,U,True,True,110,U,-0.0,1.0,1.0,0.0,0.0,0.0,1.0,0,0,0,46,0
NC_002028.2/1926-2111,73,C,7SAM,A,58,A,56,C,C,True,True,111,C,0.37447620285699784,0.6255237971430021,1.0,0.0,0.7860569684635567,0.0,0.21394303153644337,0,38,0,8,0
NC_002028.2/1926-2111,74,U,7SAM,A,59,A,57,U,U,True,True,112,C,0.4197159132475666,0.5802840867524335,1.0,0.0,0.7314115667537222,0.0,0.2685884332462779,0,37,0,9,0
NC_002028.2/1926-2111,75,U,7SAM,A,60,A,58,U,U,True,True,113,U,0.7068326282571373,0.29316737174286267,0.9999999999999999,0.12236045707406944,0.4338145385615821,0.0,0.44382500436434846,3,17,0,26,0
NC_002028.2/1926-2111,76,U,7SAM,A,61,A,59,U,U,True,True,114,U,0.898875508651842,0.10112449134815804,0.9529918869175541,0.11833291131736155,0.31972434197121535,0.13095728642859475,0.43098546028282836,5,13,3,22,3
NC_002028.2/1926-2111,77,G,7SAM,A,62,A,60,G,G,True,True,115,G,0.3264525523919796,0.6735474476080203,1.0000000000000002,0.01625889896963707,0.1223604570740694,0.8613806439562935,0.0,1,3,42,0,0
NC_002028.2/1926-2111,78,C,7SAM,A,63,A,61,C,C,True,True,116,C,0.9529682105083209,0.04703178949167908,1.0,0.14745981144537962,0.3990377757771812,0.23954127312405388,0.21396113965338528,7,18,10,11,0
NC_002028.2/1926-2111,79,U,7SAM,A,64,A,62,U,U,True,True,117,C,0.8879727832889754,0.11202721671102456,1.0,0.05056087166917524,0.36234052398827715,0.24716168857325854,0.339936915769289,3,16,6,21,0
NC_002028.2/1926-2111,80,C,7SAM,A,65,A,63,C,C,True,True,118,G,0.7349025960176111,0.2650974039823889,1.0,0.0,0.234499868253363,0.5279285958066678,0.2375715359399691,0,15,23,8,0
NC_002028.2/1926-2111,81,U,7SAM,A,66,A,64,U,U,True,True,119,U,0.8312961721456995,0.1687038278543005,1.0,0.13374741029275555,0.05119331734855427,0.39418118551391235,0.4208780868447778,5,3,18,20,0
NC_002028.2/1926-2111,82,C,7SAM,A,67,A,65,C,C,True,True,120,C,0.8990572921872343,0.10094270781276571,1.0,0.2821727188924668,0.45602596968753234,0.11915103592058379,0.142650275499417,11,22,4,9,0
NC_002028.2/1926-2111,83,U,7SAM,A,68,A,66,U,U,True,True,121,U,-0.0,1.0,1.0,0.0,0.0,0.0,1.0,0,0,0,46,0
NC_002028.2/1926-2111,84,U,7SAM,A,69,A,67,U,U,True,True,122,U,0.4686678594668767,0.5313321405331233,1.0,0.0,0.0,0.3537075748547551,0.646292425145245,0,0,17,29,0
NC_002028.2/1926-2111,85,C,7SAM,A,70,A,68,C,C,True,True,123,C,0.1367745257852356,0.8632254742147644,1.0000000000000002,0.0,0.9529918869175542,0.0,0.04700811308244582,0,43,0,3,0
NC_002028.2/1926-2111,86,G,7SAM,A,71,A,69,G,G,True,True,124,G,0.4067874776132109,0.5932125223867891,1.0000000000000002,0.2514542657358908,0.0,0.7485457342641093,0.0,11,0,35,0,0
NC_002028.2/1926-2111,87,G,7SAM,A,72,A,70,G,G,True,True,125,G,0.7323730223094912,0.2676269776905088,1.0,0.3681163339882705,0.0,0.47207140419333204,0.15981226181839742,15,0,23,8,0
NC_002028.2/1926-2111,88,A,7SAM,A,73,A,71,A,A,True,True,126,A,0.43482685187353626,0.5651731481264637,0.9043578375830289,0.7092767350412408,0.2907232649587592,0.0,0.0,29,11,0,0,6
NC_002028.2/1926-2111,89,A,7SAM,A,74,A,72,A,A,True,True,127,A,0.2962695874307476,0.7037304125692524,0.5509655798616915,0.8568074330738334,0.0,0.0,0.14319256692616655,23,0,0,2,21
NC_002028.2/1926-2111,90,G,7SAM,A,75,A,73,G,G,True,True,128,G,0.2962695874307476,0.7037304125692524,0.5509655798616915,0.0,0.0,0.8568074330738334,0.14319256692616655,0,0,23,2,21
NC_002028.2/1926-2111,91,A,7SAM,A,76,A,74,A,A,True,True,129,G,0.7379137044869665,0.26208629551303353,0.27943706151276765,0.3926776224254914,0.0,0.44453710432174487,0.1627852732527638,7,0,8,3,28
NC_002028.2/1926-2111,92,A,7SAM,A,77,A,75,A,A,True,True,130,A,0.3802715915478449,0.619728408452155,0.27943706151276765,0.7797941597725632,0.0,0.0,0.22020584022743686,14,0,0,4,28
NC_002028.2/1926-2111,93,C,7SAM,A,78,A,76,C,C,True,True,131,C,0.6816343427359443,0.31836565726405575,0.2794370615127677,0.17618488598092177,0.6024976698630328,0.0,0.22131744415604537,3,11,0,4,28
NC_002028.2/1926-2111,94,C,7SAM,A,79,A,77,C,C,True,True,132,C,0.49926395364409654,0.5007360463559034,0.234499868253363,0.0,0.5225835095713444,0.0,0.47741649042865564,0,8,0,7,31
NC_002028.2/1926-2111,95,C,7SAM,A,80,A,78,C,C,True,True,133,C,0.5841092544865097,0.41589074551349026,0.15507647886492715,0.19377769152446175,0.6979174604862934,0.0,0.10830484798924474,2,7,0,1,36
NC_002028.2/1926-2111,96,U,7SAM,A,81,A,79,U,U,True,True,134,U,0.4988454350030861,0.5011545649969139,0.4720714041933321,0.0,0.0,0.47171826716611226,0.5282817328338878,0,0,7,16,23
NC_002028.2/1926-2111,97,U,7SAM,A,82,A,80,U,U,True,True,135,U,0.4322943247723326,0.5677056752276675,0.4720714041933321,0.10083595172454492,0.029214781899609268,0.03398942270866393,0.8359598436671819,3,1,1,18,23
NC_002028.2/1926-2111,98,A,7SAM,A,83,A,81,A,A,True,True,136,G,0.9549120336600684,0.04508796633993162,0.4720714041933321,0.19058191305936348,0.22302429242448926,0.4080618757446977,0.17833191877144955,6,7,5,5,23
NC_002028.2/1926-2111,99,G,7SAM,A,84,A,82,G,G,True,True,137,G,0.7826514239069007,0.21734857609309932,0.4567637284681535,0.41501826648316215,0.10374795962644748,0.44322305681426194,0.03801071707612848,6,3,12,1,24
NC_002028.2/1926-2111,100,G,7SAM,A,85,A,83,G,G,True,True,138,G,0.3546537719233802,0.6453462280766198,0.15507647886492718,0.0,0.0,0.8062223084755382,0.1937776915244617,0,0,8,2,36
NC_002028.2/1926-2111,101,G,7SAM,A,86,A,84,G,G,True,True,139,G,0.49926395364409654,0.5007360463559034,0.234499868253363,0.47741649042865564,0.0,0.5225835095713444,0.0,7,0,8,0,31
NC_002028.2/1926-2111,102,G,7SAM,A,87,A,85,G,G,True,True,140,G,0.6316264323488774,0.3683735676511226,0.2794370615127676,0.1631987938411029,0.0,0.6606163201779753,0.17618488598092186,3,0,12,3,28
NC_002028.2/1926-2111,103,U,7SAM,A,88,A,86,U,U,True,True,141,U,0.3802715915478449,0.619728408452155,0.27943706151276765,0.22020584022743686,0.0,0.0,0.7797941597725632,4,0,0,14,28
NC_002028.2/1926-2111,104,U,7SAM,A,89,A,87,U,U,True,True,142,C,0.7379137044869665,0.26208629551303353,0.27943706151276765,0.1627852732527638,0.44453710432174487,0.0,0.3926776224254914,3,8,0,7,28
NC_002028.2/1926-2111,105,C,7SAM,A,90,A,88,C,C,True,True,143,C,-0.0,1.0,0.27943706151276765,0.0,1.0,0.0,0.0,0,18,0,0,28
NC_002028.2/1926-2111,106,G,7SAM,A,91,A,89,G,G,True,True,144,G,0.36873160533107524,0.6312683946689248,0.47207140419333204,0.0,0.0735348442831024,0.8563075192040335,0.07015763651286415,0,1,21,1,23
NC_002028.2/1926-2111,107,U,7SAM,A,92,A,90,U,U,True,True,145,U,0.6265840601121876,0.3734159398878124,0.4720714041933321,0.33452703146159535,0.0,0.07353484428310239,0.5919381242553023,4,0,1,18,23
NC_002028.2/1926-2111,108,G,7SAM,A,93,A,91,G,G,True,True,173,G,0.6984642040932704,0.30153579590672963,0.9999999999999999,0.170229467326811,0.0,0.5746314255712384,0.25513910710195076,7,0,27,12,0
NC_002028.2/1926-2111,109,C,7SAM,A,94,A,92,C,C,True,True,174,C,0.8760403123226064,0.12395968767739363,0.9999999999999999,0.2727894887047172,0.4789947748117708,0.15981226181839744,0.08840347466511467,11,23,8,4,0
NC_002028.2/1926-2111,110,A,7SAM,A,95,A,93,A,A,True,True,175,A,0.8742935562361602,0.12570644376383977,0.9999999999999999,0.5085651468678845,0.14832300861155853,0.2292011557666996,0.11391068875385746,24,8,8,6,0
NC_002028.2/1926-2111,111,U,7SAM,A,96,A,94,U,U,True,True,176,C,0.9352532152205149,0.06474678477948514,1.0,0.24899331836751262,0.3651822913498423,0.09472082523677605,0.291103565045869,10,15,6,15,0
NC_002028.2/1926-2111,112,G,7SAM,A,97,A,95,G,G,True,True,178,U,0.8267089931678672,0.17329100683213283,0.9097188711129545,0.05015705872063328,0.1336729941411253,0.36502276335616407,0.4511471837820773,3,7,12,20,4
NC_002028.2/1926-2111,113,G,7SAM,A,98,A,96,G,G,True,True,179,G,0.9050292646009964,0.09497073539900358,0.9643788401362403,0.23704527938292702,0.1002738820618643,0.457424081195767,0.20525675735944163,11,5,21,8,1
NC_002028.2/1926-2111,114,G,7SAM,A,99,A,97,G,G,True,True,180,U,0.9250129445201384,0.07498705547986162,0.9643788401362403,0.20561348595555148,0.12171699885903625,0.23309648217971898,0.4395730330056932,9,7,12,17,1
NC_002028.2/1926-2111,115,C,7SAM,A,100,A,98,C,C,True,True,181,U,0.9687804175684261,0.031219582431573856,0.9643788401362403,0.3033758421832853,0.20401167913201895,0.15667524429770582,0.3359372343869899,11,13,7,14,1
NC_002028.2/1926-2111,116,U,7SAM,A,101,A,99,U,U,True,True,182,U,0.7628719393023521,0.2371280606976479,0.9643788401362402,0.06203685787680248,0.2551719180545528,0.0953414804589254,0.5874497436097192,4,8,6,27,1
NC_002028.2/1926-2111,117,U,7SAM,A,102,A,100,U,U,True,True,183,C,0.549825009657843,0.450174990342157,1.0,0.0,0.7194202906476247,0.08110939827906494,0.19947031107331048,0,32,4,10,0
NC_002028.2/1926-2111,118,G,7SAM,A,103,A,101,G,G,True,True,184,A,0.5984612079012313,0.40153879209876875,0.9132607027896902,0.5760798257419104,0.0,0.047218033827253,0.3767021404308366,26,0,3,15,2
NC_002028.2/1926-2111,119,C,7SAM,A,104,A,102,C,C,True,True,185,C,-0.0,1.0,0.9132607027896904,0.0,1.0,0.0,0.0,0,44,0,0,2
NC_002028.2/1926-2111,120,A,7SAM,A,105,A,103,A,A,True,True,186,A,0.27445181668418106,0.7255481833158189,0.9132607027896905,0.904209473292372,0.0,0.056786155058930615,0.039004371648697425,40,0,3,1,2
NC_002028.2/1926-2111,121,U,7SAM,A,106,A,104,U,U,True,True,188,U,0.62396334192834,0.37603665807166,0.9567269841954005,0.13491383645438842,0.20134724520451186,0.0,0.6637389183410997,8,5,0,32,1
NC_002028.2/1926-2111,122,A,7SAM,A,107,A,105,A,A,True,True,189,U,0.905949548029824,0.09405045197017603,0.9567269841954001,0.29086821150604775,0.06284469215485458,0.27480970807392174,0.371477388265176,18,4,11,12,1
NC_002028.2/1926-2111,123,G,7SAM,A,108,A,106,G,G,True,True,190,G,-0.0,1.0,0.6503428395565088,0.0,0.0,1.0,0.0,0,0,33,0,13
NC_002028.2/1926-2111,124,C,7SAM,A,109,A,107,C,C,True,True,192,U,0.5984612079012313,0.40153879209876875,0.9132607027896902,0.3767021404308366,0.047218033827253,0.0,0.5760798257419104,15,3,0,26,2
NC_002028.2/1926-2111,125,A,7SAM,A,110,A,108,A,A,True,True,193,G,0.5013210957770893,0.4986789042229107,0.9567269841954005,0.14782516191420553,0.08477799792307235,0.7673968401627221,0.0,8,4,33,0,1
NC_002028.2/1926-2111,126,A,7SAM,A,111,A,109,A,A,True,True,194,A,0.9277572762334874,0.07224272376651264,0.9211058243316406,0.37879595243606656,0.0998205677491688,0.3176723240334508,0.20371115578131388,15,6,12,11,2
NC_002028.2/1926-2111,127,G,7SAM,A,112,A,110,G,G,True,True,195,U,0.9397357101292486,0.060264289870751386,0.9643788401362403,0.18579787904382658,0.17353469650980552,0.20401167913201895,0.4366557453143489,8,8,13,16,1
NC_002028.2/1926-2111,128,U,7SAM,A,113,A,111,U,U,True,True,196,A,0.9490264580541258,0.05097354194587422,0.9643788401362402,0.40675035754648836,0.1883813007979578,0.15453967431824123,0.2503286673373127,15,9,9,12,1
NC_002028.2/1926-2111,129,C,7SAM,A,114,A,112,C,C,True,True,197,C,0.9414688554897788,0.058531144510221234,0.9643788401362403,0.22879191763352283,0.42534031779945747,0.19512478207689887,0.1507429824901208,10,19,8,8,1
NC_002028.2/1926-2111,130,U,7SAM,A,115,A,113,U,U,True,True,200,U,0.6040753844351846,0.3959246155648154,0.9209125587305304,0.12715548128796123,0.10709723948265469,0.03156198524960503,0.734185293979779,4,4,2,34,2
NC_002028.2/1926-2111,131,U,7SAM,A,116,A,114,U,U,True,True,201,U,0.8069698131336266,0.1930301868663734,0.9209125587305304,0.2429161642469243,0.2656168533588734,0.016946301771025594,0.4745206806231767,11,9,1,23,2
NC_002028.2/1926-2111,132,A,7SAM,A,117,A,115,A,A,True,True,202,A,0.31300287606332733,0.6869971239366727,1.0000000000000002,0.8978276669810532,0.017051119621512012,0.0360874419646322,0.04903377143280248,40,1,2,3,0
NC_002028.2/1926-2111,133,G,7SAM,A,118,A,116,G,G,True,True,203,G,-0.0,1.0,0.9848119804614025,0.0,0.0,1.0,0.0,0,0,45,0,1
NC_002028.2/1926-2111,134,A,7SAM,A,119,A,117,A,A,True,True,204,A,0.5199738761856311,0.48002612381436893,0.9529918869175542,0.7169099605192617,0.04561033729919925,0.2374797021815391,0.0,28,1,14,0,3
NC_002028.2/1926-2111,135,A,7SAM,A,120,A,118,A,A,True,True,206,G,0.9268657228629334,0.07313427713706655,1.0,0.2563898678480068,0.09472082523677605,0.3998959885477045,0.24899331836751262,14,6,16,10,0
NC_002028.2/1926-2111,136,U,7SAM,A,121,A,119,U,U,True,True,207,U,0.8742935562361602,0.12570644376383977,0.9999999999999999,0.11391068875385746,0.2292011557666996,0.14832300861155853,0.5085651468678845,6,8,8,24,0
NC_002028.2/1926-2111,137,G,7SAM,A,122,A,120,G,G,True,True,208,G,0.8760403123226064,0.12395968767739363,0.9999999999999999,0.08840347466511467,0.15981226181839744,0.4789947748117708,0.2727894887047172,4,8,23,11,0
NC_002028.2/1926-2111,138,C,7SAM,A,123,A,121,C,C,True,True,209,C,0.6984642040932704,0.30153579590672963,0.9999999999999999,0.25513910710195076,0.5746314255712384,0.0,0.170229467326811,12,27,0,7,0
NC_002028.2/1926-2111,139,G,7SAM,A,124,A,122,G,G,True,True,210,G,0.4741134598904269,0.5258865401095731,1.0,0.3668553636324771,0.0,0.6331446363675229,0.0,11,0,35,0,0
NC_002028.2/1926-2111,140,G,7SAM,A,125,A,123,G,G,True,True,211,G,0.6217328651418376,0.37826713485816243,0.9999999999999999,0.07889417566835943,0.3063841446388915,0.6147216796927492,0.0,2,12,32,0,0
NC_002028.2/1926-2111,141,G,7SAM,A,126,A,124,G,G,True,True,212,G,0.5549193409356625,0.44508065906433747,0.95653371859429,0.10630980275406753,0.0,0.7266158341453243,0.16707436310060822,3,0,34,8,1
NC_002028.2/1926-2111,142,U,7SAM,A,127,A,125,U,U,True,True,213,C,0.827222816298178,0.17277718370182205,0.9132607027896902,0.11668269319317517,0.4206155421998834,0.05830815151330038,0.404393613093641,5,16,3,20,2
NC_002028.2/1926-2111,143,A,7SAM,A,128,A,126,A,A,True,True,214,A,0.8251653299787952,0.17483467002120479,0.9209125587305302,0.5107068232538299,0.0469892775316814,0.26876705219972197,0.17353684701476674,20,1,15,8,2
NC_002028.2/1926-2111,144,C,7SAM,A,129,A,127,C,C,True,True,215,U,0.7400603054890229,0.2599396945109771,1.0,0.20530050023370264,0.12082106407413011,0.05056087166917524,0.623317564022992,11,8,3,24,0
NC_002028.2/1926-2111,145,C,7SAM,A,130,A,128,C,C,True,True,216,C,0.19408451354837333,0.8059154864516267,1.0000000000000002,0.0,0.9239324620919769,0.0,0.07606753790802318,0,41,0,5,0
NC_002028.2/1926-2111,146,G,7SAM,A,131,A,129,G,G,True,True,217,G,-0.0,1.0,0.14227449125136882,0.0,0.0,1.0,0.0,0,0,8,0,38
NC_002028.2/1926-2111,147,U,7SAM,A,132,A,130,U,U,True,True,219,G,0.6199977849449632,0.38000221505503684,1.0,0.0,0.26020733648045985,0.6434197453327113,0.09637291818682889,0,11,29,6,0
NC_002028.2/1926-2111,148,A,7SAM,A,133,A,131,A,A,True,True,220,C,0.6953730837910843,0.3046269162089157,0.9854265124730719,0.1443785908441921,0.5606111985524569,0.0,0.295010210603351,8,24,0,13,1
NC_002028.2/1926-2111,149,C,7SAM,A,134,A,132,C,C,True,True,221,C,0.6314084853544927,0.3685915146455073,1.0,0.0,0.6594092104396546,0.1510126803717877,0.18957810918855775,0,30,8,8,0
NC_002028.2/1926-2111,150,A,7SAM,A,135,A,133,A,A,True,True,222,U,0.9181960144233267,0.08180398557667334,1.0,0.17072424274482703,0.11277030444077998,0.2970267596018078,0.41947869321258513,11,5,10,20,0
NC_002028.2/1926-2111,151,G,7SAM,A,136,A,134,G,G,True,True,223,A,0.7532285872685722,0.24677141273142778,0.9999999999999999,0.4635488633916572,0.1988856374238674,0.3375654991844755,0.0,20,8,18,0,0
NC_002028.2/1926-2111,152,U,7SAM,A,137,A,135,U,U,True,True,224,U,0.8376166752732318,0.1623833247267682,0.9529918869175541,0.18753408893142537,0.14713803907060186,0.1074735650460782,0.5578543069518946,8,4,6,25,3
NC_002028.2/1926-2111,153,G,7SAM,A,138,A,136,G,G,True,True,225,G,0.9394620591282677,0.060537940871732254,0.9375717609255015,0.2362619938012563,0.14780381930121045,0.4261246774143953,0.18980950948313796,8,9,14,11,4
NC_002028.2/1926-2111,154,U,7SAM,A,139,A,137,U,U,True,True,226,G,0.8689505017698984,0.1310494982301016,0.9080546936581494,0.10243236008822967,0.22334012853555016,0.513193184706842,0.16103432666937811,6,12,16,6,6
NC_002028.2/1926-2111,155,U,7SAM,A,140,A,138,U,U,True,True,227,A,0.7655779436301622,0.23442205636983782,0.6055410289980104,0.45067722420802475,0.22872508573875508,0.0,0.32059769005322014,10,9,0,11,16
NC_002028.2/1926-2111,156,G,7SAM,A,141,A,139,G,G,True,True,241,U,0.7483308608180537,0.25166913918194633,0.9999999999999999,0.1797576240117882,0.0,0.3803185873917357,0.4399237885964762,9,0,19,18,0
NC_002028.2/1926-2111,157,A,7SAM,A,142,A,140,A,A,True,True,242,U,0.6106646745672996,0.38933532543270044,1.0000000000000002,0.2338974540120531,0.0,0.10310560141478403,0.6629969445731628,11,0,3,32,0
NC_002028.2/1926-2111,158,A,7SAM,A,143,A,141,A,A,True,True,243,A,0.9307584862215497,0.06924151377845034,1.0,0.3715057949501901,0.12609555435191552,0.16152115767089978,0.34087749302699455,21,5,6,14,0
NC_002028.2/1926-2111,159,A,7SAM,A,144,A,142,A,A,True,True,244,A,0.8279015693114457,0.17209843068855435,0.8436894191632256,0.5733983477712081,0.12369084570275739,0.13671059788727527,0.1662002086387592,26,5,5,4,6
NC_002028.2/1926-2111,160,A,7SAM,A,145,A,143,A,A,True,True,257,U,0.7655779436301622,0.23442205636983782,0.6055410289980104,0.32059769005322014,0.0,0.22872508573875508,0.45067722420802475,11,0,9,10,16
NC_002028.2/1926-2111,161,A,7SAM,A,146,A,144,A,A,True,True,258,C,0.8316175551552473,0.16838244484475273,0.9080546936581494,0.04748874165685277,0.513193184706842,0.22334012853555016,0.21597794510075505,3,16,12,9,6
NC_002028.2/1926-2111,162,C,7SAM,A,147,A,145,C,C,True,True,259,C,0.9394620591282677,0.060537940871732254,0.9375717609255015,0.18980950948313796,0.4261246774143953,0.14780381930121045,0.2362619938012563,11,14,9,8,4
NC_002028.2/1926-2111,163,A,7SAM,A,148,A,146,A,A,True,True,260,A,0.8376166752732318,0.1623833247267682,0.9529918869175541,0.5578543069518946,0.1074735650460782,0.14713803907060186,0.18753408893142537,25,6,4,8,3
NC_002028.2/1926-2111,164,C,7SAM,A,149,A,147,C,C,True,True,261,U,0.8245790705488132,0.1754209294511868,0.9999999999999998,0.12236045707406945,0.269673655628705,0.07652518034979797,0.5314407069474276,3,16,5,22,0
NC_002028.2/1926-2111,165,U,7SAM,A,150,A,148,U,U,True,True,262,A,0.9181960144233267,0.08180398557667334,1.0,0.41947869321258513,0.2970267596018078,0.11277030444077998,0.17072424274482703,20,10,5,11,0
NC_002028.2/1926-2111,166,G,7SAM,A,151,A,149,G,G,True,True,263,G,0.4701732151150026,0.5298267848849973,1.0,0.06414439348229016,0.1510126803717877,0.7848429261459222,0.0,4,8,34,0,0
NC_002028.2/1926-2111,167,U,7SAM,A,152,A,150,U,U,True,True,264,G,0.6699675656691091,0.3300324343308909,1.0,0.2523788519458371,0.0,0.6053466568027941,0.14227449125136882,11,0,27,8,0
NC_002028.2/1926-2111,168,A,7SAM,A,153,A,151,A,A,True,True,265,U,0.5647609287980673,0.4352390712019327,1.0,0.04312237475742444,0.0,0.3134578799098643,0.6434197453327113,3,0,14,29,0
NC_002028.2/1926-2111,169,A,7SAM,A,154,A,152,A,A,True,True,266,U,0.908975473775969,0.09102452622403101,0.9616679689670304,0.1773185180722253,0.13192431661075424,0.21789227464144748,0.472864890675573,11,5,12,16,2
NC_002028.2/1926-2111,170,A,7SAM,A,155,A,153,A,A,True,True,267,G,0.9968279758064327,0.0031720241935673243,0.9393398546755469,0.21153515272145562,0.25291329305092414,0.270188778709837,0.2653627755177832,11,8,13,11,3
NC_002028.2/1926-2111,171,U,7SAM,A,156,A,154,U,U,True,True,269,C,0.49988357259712646,0.5001164274028735,0.9776718857085164,0.0,0.5089831500124187,0.0,0.4910168499875814,0,18,0,27,1
NC_002028.2/1926-2111,172,C,7SAM,A,157,A,155,C,C,True,True,270,C,0.49245625030057566,0.5075437496994244,1.0,0.0,0.5721850085625844,0.0,0.42781499143741564,0,28,0,18,0
NC_002028.2/1926-2111,173,U,7SAM,A,158,A,156,U,U,True,True,271,C,0.5925016501891531,0.40749834981084687,1.0,0.043781598539127844,0.5784122631439735,0.0,0.3778061383168986,3,24,0,19,0
NC_002028.2/1926-2111,174,C,7SAM,A,159,A,157,C,C,True,True,272,U,0.8925999722139983,0.10740002778600166,0.9999999999999999,0.15977841752322583,0.34186289361943994,0.08673929721030975,0.41161939164702455,8,18,2,18,0
NC_002028.2/1926-2111,175,U,7SAM,A,160,A,158,U,U,True,True,273,A,0.6315929914189742,0.3684070085810258,1.0,0.5935321336098032,0.0,0.07889417566835942,0.32757369072183745,28,0,2,16,0
NC_002028.2/1926-2111,176,A,7SAM,A,161,A,159,A,A,True,True,275,G,0.631525816591493,0.368474183408507,0.2501652889218259,0.4519998357591324,0.0,0.48911844485469697,0.05888171938617078,7,0,3,1,35
NC_002028.2/1926-2111,177,A,7SAM,A,162,A,160,A,A,True,True,294,A,0.4266432666403118,0.5733567333596882,0.9135300145269489,0.7215818006000461,0.0,0.27841819939995394,0.0,31,0,11,0,4
NC_002028.2/1926-2111,178,A,7SAM,A,163,A,161,A,A,True,True,295,G,0.7063803970966619,0.2936196029033381,0.9999999999999999,0.42149689007286495,0.0,0.4561426528530656,0.12236045707406944,25,0,18,3,0
NC_002028.2/1926-2111,179,A,7SAM,A,164,A,162,A,A,True,True,296,G,0.39157408614368994,0.6084259138563101,1.0000000000000002,0.2329672733825182,0.0,0.7670327266174818,0.0,8,0,38,0,0
NC_002028.2/1926-2111,180,G,7SAM,A,165,A,163,G,G,True,True,297,G,0.22328666145992548,0.7767133385400745,0.9321668888186248,0.09305125321522435,0.0,0.9069487467847757,0.0,2,0,42,0,2
NC_002028.2/1926-2111,181,A,7SAM,A,166,A,164,A,A,True,True,298,A,0.28399588383938074,0.7160041161606192,0.9321668888186246,0.8661170730303936,0.0,0.13388292696960638,0.0,41,0,3,0,2
NC_002028.2/1926-2111,182,G,7SAM,A,167,A,165,G,G,True,True,299,G,0.28399588383938074,0.7160041161606192,0.9321668888186246,0.0,0.0,0.8661170730303936,0.13388292696960638,0,0,41,3,2
NC_002028.2/1926-2111,183,A,7SAM,A,168,A,166,A,A,True,True,300,A,0.28399588383938074,0.7160041161606192,0.9321668888186246,0.8661170730303936,0.13388292696960638,0.0,0.0,41,3,0,0,2
NC_002028.2/1926-2111,184,C,7SAM,A,169,A,167,C,C,True,True,302,C,0.11701966410641794,0.882980335893582,0.9321668888186248,0.0,0.9617867140626462,0.0,0.038213285937353896,0,43,0,1,2
NC_002028.2/1926-2111,185,C,7SAM,A,170,A,168,C,C,True,True,303,C,-0.0,1.0,0.9321668888186248,0.0,1.0,0.0,0.0,0,44,0,0,2
NC_002028.2/1926-2111,186,A,7SAM,A,171,A,169,A,A,True,True,304,A,-0.0,1.0,0.6395195331999304,1.0,0.0,0.0,0.0,31,0,0,0,15
