sto_column_1based,consensus_base,normalized_shannon_entropy,conservation_score_1_minus_entropy,henikoff_weighted_occupancy,weighted_frequency_A,weighted_frequency_C,weighted_frequency_G,weighted_frequency_U,raw_count_A,raw_count_C,raw_count_G,raw_count_U,raw_count_gap_or_other
1,U,0.24753680447203275,0.7524631955279673,1.0,0.10840088059812593,0.0,0.0,0.8915991194018741,3,0,0,30,0
2,U,0.6466398344437404,0.3533601655562596,1.0,0.09514811157594513,0.03396868959387543,0.17528495028393587,0.6955982485462435,4,1,5,23,0
3,G,0.7511182825592865,0.24888171744071352,1.0,0.1255385316827774,0.11946502757063024,0.6442645869848691,0.11073185376172325,5,4,20,4,0
4,U,0.7409398293879648,0.25906017061203523,1.0,0.11392424877016419,0.16574143794273116,0.07728649494790243,0.6430478183392022,3,4,2,24,0
5,U,0.7498154356126023,0.25018456438739767,1.0,0.0,0.24326466709541167,0.2566238007979726,0.5001115321066157,0,8,9,16,0
6,U,0.9275952422816949,0.07240475771830512,0.9999999999999999,0.17420470529219592,0.11742580574301528,0.3110365673204318,0.3973329216443571,5,4,10,14,0
7,C,0.8398714291286561,0.1601285708713439,0.9999999999999999,0.07276829968543302,0.49339650105979954,0.1275500374669701,0.3062851617877974,2,18,4,9,0
8,U,0.8470442556057549,0.15295574439424509,1.0,0.05039333048539745,0.3011193818966178,0.17830963316935589,0.4701776544486289,1,12,5,15,0
9,U,-0.0,1.0,0.05039333048539745,0.0,0.0,0.0,1.0,0,0,0,1,32
10,C,0.48970984565099723,0.5102901543490028,0.08625254595774128,0.4157467478109313,0.5842532521890687,0.0,0.0,1,1,0,0,31
11,U,0.601741623373426,0.39825837662657404,1.0,0.0835857544574687,0.15903106261845812,0.029254517446682293,0.7281286654773909,2,5,1,25,0
12,G,-0.0,1.0,0.9999999999999999,0.0,0.0,1.0,0.0,0,0,33,0,0
13,G,-0.0,1.0,0.9999999999999999,0.0,0.0,1.0,0.0,0,0,33,0,0
14,A,0.5204054711154679,0.47959452888453213,1.0,0.6992039401985412,0.0,0.035859215472343824,0.2649368443291151,24,0,1,8,0
15,A,0.7363962030215879,0.2636037969784121,0.2762885816732978,0.48497890217810774,0.0,0.17217711151523016,0.34284398630666213,4,0,2,3,24
16,U,0.43278014689526445,0.5672198531047355,0.9524294300628519,0.04992066429112876,0.05292610347358461,0.051593616499481486,0.8455596157358052,2,2,1,26,2
17,C,0.5500555432499742,0.4499444567500258,1.0,0.0,0.7233795874625375,0.08773068719697183,0.1888897253404907,0,24,3,6,0
18,G,0.9290801990512432,0.07091980094875683,1.0,0.2707995209208342,0.13076298770378353,0.42423583959331707,0.17420165178206518,9,4,15,5,0
19,A,0.9118763502515302,0.08812364974846976,1.0,0.37434490776791074,0.3420387254834162,0.0835857544574687,0.20003061229120433,11,14,2,6,0
20,A,0.7662276459575286,0.23377235404247143,0.13197658570758983,0.4073601185759771,0.38085196892752343,0.0,0.2117879124964994,2,2,0,1,28
21,G,0.9350086769493083,0.06499132305069166,0.8523404489810995,0.12303026669710039,0.24133249234481666,0.41975407151114863,0.2158831694469344,3,8,12,6,4
22,C,0.9031168903637087,0.09688310963629132,0.9734807033159522,0.1348017914842875,0.4349267475245482,0.1223437440116674,0.30792771697949695,5,14,3,10,1
23,G,0.9171376966861612,0.08286230331383881,1.0,0.3464332973218338,0.22486684462824852,0.3492448890588566,0.07945496899106104,9,8,14,2,0
24,G,0.9083444348837201,0.09165556511627992,0.9999999999999999,0.18500847399388792,0.1804857097739834,0.4824479878653036,0.15205782836682516,6,5,16,6,0
25,A,0.7923469139880197,0.2076530860119803,0.9236145224380753,0.33875765619495257,0.0,0.32431721843342587,0.33692512537162156,9,0,10,12,2
26,U,0.8992106077977419,0.10078939220225813,0.8993431269955349,0.23871550640540207,0.10398409809642667,0.18800716309437052,0.4692932324038007,7,3,6,14,3
27,C,0.9006831958349962,0.09931680416500377,0.5978824704597419,0.1914625951609866,0.48819417229725615,0.13293210120220372,0.1874111313395535,4,10,2,4,13
28,A,0.48292704093136063,0.5170729590686394,0.3590340277261496,0.7786979426594499,0.07386290612062854,0.14743915121992163,0.0,10,1,1,0,21
29,A,-0.0,1.0,0.1730380463405039,1.0,0.0,0.0,0.0,7,0,0,0,26
30,A,0.8594512653486255,0.14054873465137452,0.5425337998554369,0.5326114016603066,0.1745953500724328,0.10585538862997411,0.18693785963728637,10,3,2,3,15
31,U,0.8821068555062718,0.11789314449372823,0.8455064373025438,0.17783328907711077,0.2948226349047815,0.07642611444862196,0.45091796156948577,6,8,2,13,4
32,A,0.9819533498854164,0.018046650114583618,1.0,0.3430848257353452,0.22479896663642107,0.18913617214822329,0.24298003548001038,11,8,7,7,0
33,U,0.8705928765797912,0.12940712342020877,1.0,0.3409634391349763,0.16366253657079988,0.06675471594824475,0.42861930834597906,9,6,3,15,0
34,G,0.9261834693914203,0.07381653060857973,0.9734807033159522,0.22585954443555795,0.2873966651925871,0.3925686225906411,0.09417516778121385,8,8,13,3,1
35,A,0.9570068603620647,0.042993139637935274,1.0,0.3902810178644609,0.258291538297236,0.16087224940537115,0.19055519443293203,13,9,4,7,0
36,C,0.8614748993871794,0.13852510061282064,1.0,0.11410876938577721,0.516063644507276,0.12609977572753353,0.24372781037941318,5,15,5,8,0
37,G,0.8888780299315543,0.11112197006844571,1.0,0.11730594903573824,0.11483594745638388,0.41633746776554936,0.3515206357423285,2,4,14,13,0
38,U,0.8405327953607186,0.15946720463928143,1.0,0.07821458810449342,0.10352105714380404,0.4008229142962158,0.41744144045548676,3,4,12,14,0
39,G,0.13217289165874474,0.8678271083412552,0.9999999999999999,0.0,0.0,0.9550950875520898,0.044904912447910145,0,0,31,2,0
40,U,0.14645696366811614,0.8535430363318839,0.9751848738593428,0.05154257809613798,0.0,0.0,0.9484574219038621,2,0,0,30,1
41,G,0.3683970427224488,0.6316029572775512,0.9751848738593427,0.03483307678824288,0.0,0.8466171761731408,0.11854974703861632,1,0,26,5,1
42,C,0.8543948094027719,0.1456051905972281,1.0,0.3988957886621299,0.4008229142962158,0.0695523675499286,0.13072892949172565,13,12,3,5,0
43,A,0.8632768268090381,0.13672317319096194,1.0,0.42830347494544396,0.3660739252464817,0.08831665077233615,0.11730594903573824,16,12,3,2,0
44,G,0.8120884231064439,0.1879115768935561,0.9999999999999999,0.26473683545179855,0.0758362332084659,0.5453181619539584,0.11410876938577723,9,3,16,5,0
45,U,0.9570068603620647,0.042993139637935274,1.0,0.19055519443293203,0.16087224940537115,0.258291538297236,0.3902810178644609,7,4,9,13,0
46,U,-0.0,1.0,0.03690908421308919,0.0,0.0,0.0,1.0,0,0,0,1,32
47,U,0.9365274576249348,0.06347254237506517,0.9999999999999999,0.09167770856655387,0.2760282597652605,0.279775107762339,0.3525189239058467,3,9,8,13,0
48,A,0.8520450380915907,0.1479549619084093,1.0,0.45736166763460523,0.09505983474076071,0.10172775331010242,0.3458507443145316,17,2,3,11,0
49,A,0.7515711610558331,0.2484288389441669,1.0,0.5352863799485474,0.06491822473101594,0.05674978207589543,0.34304561324454125,16,3,2,12,0
50,A,0.7699212998033236,0.23007870019667642,0.9470643276929867,0.44135804766726133,0.0,0.3206481563498795,0.23799379598285922,13,0,10,9,1
51,U,0.9305353780886879,0.06946462191131209,0.9470643276929867,0.15565552147652478,0.2629247008936623,0.15188017286172295,0.42953960476808994,5,8,4,15,1
52,A,0.49727650129460954,0.5027234987053905,0.10762498926059791,0.5434212900268074,0.0,0.0,0.4565787099731926,2,0,0,1,30
53,G,-0.0,1.0,0.0491392787574825,0.0,0.0,1.0,0.0,0,0,1,0,32
54,A,0.8224990174010356,0.1775009825989644,0.300009606956061,0.47190936955233503,0.35873847625273053,0.08663771583932663,0.08271443835560781,3,3,1,1,25
55,C,0.9411906607689836,0.05880933923101639,1.0,0.15205782836682513,0.42107292486796777,0.18048570977398337,0.24638353699122367,6,14,5,8,0
56,C,0.8844839247182412,0.11551607528175878,1.0,0.05293567230701331,0.3757641857429043,0.22486684462824852,0.3464332973218338,1,15,8,9,0
57,G,0.9159454392170903,0.08405456078290974,0.9999999999999999,0.2997616904956762,0.1190992739667848,0.4233927960711168,0.1577462394664223,10,3,14,6,0
58,U,0.8184961332388982,0.18150386676110175,0.8746260391376575,0.09521116785159224,0.13011386511106116,0.2050025053709311,0.5696724616664155,2,3,7,17,4
59,G,-0.0,1.0,0.05039333048539745,0.0,0.0,1.0,0.0,0,0,1,0,32
60,U,0.6775803023539924,0.32241969764600764,0.264726749947532,0.19996344274806,0.0,0.1903597973963162,0.6096767598556239,1,0,1,6,25
61,A,0.8806340502434074,0.11936594975659265,1.0,0.43620896485475347,0.0947238787118872,0.3350880714904932,0.13397908494286614,14,3,13,3,0
62,G,0.8003810588018979,0.19961894119810208,1.0,0.22742772434492897,0.12755003746697008,0.5722539385026679,0.07276829968543301,6,4,21,2,0
63,G,0.9235536433316389,0.07644635666836108,1.0,0.10947434258660219,0.18238496427438353,0.40528438480077017,0.30285630833824406,3,7,15,8,0
64,G,0.7824887400129525,0.21751125998704746,1.0,0.37029768226665855,0.2566238007979726,0.373078516935369,0.0,13,9,11,0,0
65,A,0.7837228462653593,0.21627715373464074,1.0,0.5926544878538048,0.07728649494790243,0.21613476842812865,0.11392424877016419,23,2,5,3,0
66,C,0.8088639542114725,0.1911360457885275,1.0,0.054814342669471355,0.5429028671994205,0.1472353224724622,0.25504746765864605,2,17,5,9,0
67,G,0.9364595185598736,0.06354048144012636,1.0,0.3284262455915648,0.1492928032074086,0.3764046358671964,0.14587631533383016,11,4,13,5,0
68,U,0.6674253634702898,0.3325746365297102,1.0,0.15156376192633503,0.02595821757630622,0.1454621666302781,0.6770158538670807,6,1,5,21,0
69,A,0.7156763542571409,0.28432364574285907,1.0,0.5110885678919894,0.044737241409271364,0.04683260067963062,0.39734159001910857,18,2,2,11,0
70,A,0.6756774906029192,0.32432250939708085,0.9999999999999999,0.6106964624308263,0.0,0.17705863495157168,0.21224490261760204,21,0,5,7,0
71,A,0.6934326657815716,0.3065673342184284,1.0,0.614602744432821,0.0835857544574687,0.027951045585425785,0.27386045552428445,20,2,1,10,0
72,A,0.3046063563628867,0.6953936436371133,0.9999999999999998,0.8502506438827598,0.0,0.0,0.1497493561172402,29,0,0,4,0
73,A,0.797644856092255,0.202355143907745,1.0,0.44456369008776075,0.10080170905219116,0.0491392787574825,0.40549532210256556,16,3,1,13,0
74,A,0.7936092580690712,0.20639074193092877,0.9999999999999999,0.46998888494500174,0.036909084213089194,0.12112079430492213,0.371981236536987,16,1,4,12,0
75,A,0.9239318845996924,0.07606811540030756,0.6055794537676605,0.3841579233149598,0.10071110584037424,0.3226592292424687,0.1924717416021973,6,2,7,3,15
76,G,0.9173600454564376,0.08263995454356243,0.3080212302138161,0.32751413944483115,0.09950639483252281,0.3919081347237598,0.18107133099888623,2,1,4,2,24
77,U,-0.0,1.0,0.06691261855034078,0.0,0.0,0.0,1.0,0,0,0,1,32
78,U,-0.0,1.0,0.06691261855034078,0.0,0.0,0.0,1.0,0,0,0,1,32
79,U,-0.0,1.0,0.06691261855034078,0.0,0.0,0.0,1.0,0,0,0,1,32
80,G,0.9553446200084547,0.04465537999154534,0.9999999999999999,0.17363369669816944,0.15373738135920448,0.34867734466011285,0.3239515772825133,5,4,14,10,0
81,C,0.9761477984498681,0.023852201550131902,1.0,0.22886319690627935,0.3139228614293857,0.15715990329681848,0.3000540383675165,7,11,5,10,0
82,G,0.5048312315439735,0.49516876845602653,1.0,0.11419557916099161,0.0537619976030964,0.7980737336420366,0.03396868959387543,3,2,27,1,0
83,A,0.4232855419617395,0.5767144580382605,0.9999999999999999,0.8449843416803923,0.026411287763199943,0.08105846071724912,0.04754590983915873,27,1,3,2,0
84,G,-0.0,1.0,0.05293567230701331,0.0,0.0,1.0,0.0,0,0,1,0,32
85,G,-0.0,1.0,0.05293567230701331,0.0,0.0,1.0,0.0,0,0,1,0,32
86,G,-0.0,1.0,0.9999999999999999,0.0,0.0,1.0,0.0,0,0,33,0,0
87,G,0.5432275982200706,0.4567724017799294,1.0000000000000002,0.2558874213444636,0.0,0.6937042000887427,0.0504083785667937,8,0,23,2,0
88,G,0.48051962058537695,0.519480379414623,1.0,0.11928212388984694,0.0,0.7859939973982658,0.0947238787118872,3,0,27,3,0
89,G,0.30808833287845366,0.6919116671215464,1.0,0.15254660600490075,0.0,0.8474533939950993,0.0,6,0,27,0,0
90,U,-0.0,1.0,0.9999999999999999,0.0,0.0,0.0,1.0,0,0,0,33,0
91,U,-0.0,1.0,0.9999999999999999,0.0,0.0,0.0,1.0,0,0,0,33,0
92,C,-0.0,1.0,0.9999999999999999,0.0,1.0,0.0,0.0,0,33,0,0,0
93,G,-0.0,1.0,0.9999999999999999,0.0,0.0,1.0,0.0,0,0,33,0,0
94,A,-0.0,1.0,0.9999999999999999,1.0,0.0,0.0,0.0,33,0,0,0,0
95,A,-0.0,1.0,0.9999999999999999,1.0,0.0,0.0,0.0,33,0,0,0,0
96,U,-0.0,1.0,0.9999999999999999,0.0,0.0,0.0,1.0,0,0,0,33,0
97,C,0.30808833287845366,0.6919116671215464,1.0,0.0,0.8474533939950993,0.0,0.15254660600490075,0,27,0,6,0
98,C,0.48051962058537695,0.519480379414623,1.0,0.0947238787118872,0.7859939973982658,0.0,0.11928212388984694,3,27,0,3,0
99,C,0.46846165779463156,0.5315383422053684,1.0000000000000002,0.0504083785667937,0.7772899545462113,0.0,0.1723016668869949,2,25,0,6,0
100,C,-0.0,1.0,0.9999999999999999,0.0,1.0,0.0,0.0,0,33,0,0,0
101,C,-0.0,1.0,0.9999999999999999,0.0,1.0,0.0,0.0,0,33,0,0,0
102,C,-0.0,1.0,0.9999999999999999,0.0,1.0,0.0,0.0,0,33,0,0,0
103,C,0.769695969779802,0.23030403022019796,0.6391770159334307,0.0,0.4425057326979607,0.31930348609368125,0.2381907812083581,0,9,7,4,13
104,U,-0.0,1.0,0.0947238787118872,0.0,0.0,0.0,1.0,0,0,0,3,30
105,U,0.6069780186920692,0.39302198130793076,0.9117712791881502,0.104043268636663,0.0,0.22743005029414587,0.6685266810691911,2,0,8,20,3
106,U,0.5849747428452906,0.4150252571547094,0.9999999999999999,0.42521809653775955,0.0,0.03396868959387544,0.5408132138683651,15,0,1,17,0
107,A,0.48195456449514584,0.5180454355048542,1.0,0.7490849131851767,0.0,0.21400600260173414,0.03690908421308919,26,0,6,1,0
108,C,0.4344906538501826,0.5655093461498174,0.9999999999999999,0.0669126185503408,0.8137642923000978,0.0,0.1193230891495614,1,28,0,4,0
109,C,-0.0,1.0,0.9999999999999999,0.0,1.0,0.0,0.0,0,33,0,0,0
110,C,0.3496018452816633,0.6503981547183366,1.0,0.0,0.8599854564391624,0.10415532808849384,0.035859215472343824,0,29,3,1,0
111,C,0.17722538866427556,0.8227746113357244,0.9999999999999999,0.0,0.9330464161899448,0.0,0.06695358381005524,0,31,0,2,0
112,G,0.43096995377741615,0.5690300462225839,1.0,0.0,0.2848232742165938,0.7151767257834062,0.0,0,9,24,0,0
113,G,0.17714753032146657,0.8228524696785334,0.9999999999999999,0.0,0.0669126185503408,0.9330873814496592,0.0,0,1,32,0,0
114,G,-0.0,1.0,0.9999999999999999,0.0,0.0,1.0,0.0,0,0,33,0,0
115,U,0.18010850658924366,0.8198914934107564,0.9771441263608373,0.0684777370555789,0.0,0.0,0.9315222629444211,1,0,0,31,1
116,A,0.19692275943155282,0.8030772405684472,0.9999999999999999,0.9223496313950013,0.0,0.0,0.07765036860499874,31,0,0,2,0
117,U,-0.0,1.0,0.0491392787574825,0.0,0.0,0.0,1.0,0,0,0,1,32
118,G,0.3509064550076333,0.6490935449923667,0.9999999999999999,0.06695358381005524,0.0669126185503408,0.866133797639604,0.0,2,1,30,0,0
119,G,0.5191924245065573,0.48080757549344266,1.0,0.035859215472343824,0.10415532808849384,0.7930728378888215,0.06691261855034078,1,3,28,1,0
120,G,-0.0,1.0,0.9999999999999999,0.0,0.0,1.0,0.0,0,0,33,0,0
121,G,0.26370598543009155,0.7362940145699084,0.9999999999999999,0.1193230891495614,0.0,0.8806769108504386,0.0,4,0,29,0,0
122,C,0.14818921321778775,0.8518107867822122,0.9999999999999999,0.05236950533950616,0.9476304946604939,0.0,0.0,2,31,0,0,0
123,C,-0.0,1.0,0.9999999999999999,0.0,1.0,0.0,0.0,0,33,0,0,0
124,C,-0.0,1.0,0.9999999999999999,0.0,1.0,0.0,0.0,0,33,0,0,0
125,A,0.23212628757486536,0.7678737124251347,0.9476304946604939,0.9014906127134135,0.09850938728658652,0.0,0.0,28,3,0,0,2
